date,covers,revenue,avg_check,is_weekend,is_holiday,is_ponte,is_high_season,season,avg_temp,rain_mm,is_bad_weather,event_magnitude,event_name,event_type,pun_eur_mwh,energy_cost_index,is_swiss_holiday,event_pull
2023-01-01,46.0,1653.23,35.94,True,True,False,False,winter,9.8,2.2,False,2,Ponte Capodanno,tourism_peak,193.14,369.12,True,0
2023-01-02,42.0,1161.42,27.65,False,False,False,False,winter,9.8,2.5,False,2,Ponte Capodanno,tourism_peak,202.04,386.12,True,0
2023-01-03,52.0,1523.81,29.3,False,False,False,False,winter,9.8,4.4,False,0,,,174.74,333.95,False,0
2023-01-04,56.0,649.05,11.59,False,False,False,False,winter,8.8,0.0,False,0,,,171.61,327.96,False,0
2023-01-05,56.0,885.16,15.81,False,False,False,False,winter,9.1,0.0,False,0,,,182.8,349.34,False,0
2023-01-06,48.0,1667.68,34.74,False,True,False,False,winter,8.0,0.0,False,0,,,174.22,332.95,True,0
2023-01-07,63.0,1242.16,19.72,True,False,False,False,winter,6.6,0.1,False,0,,,192.76,368.38,False,0
2023-01-08,55.0,1458.63,26.52,True,False,False,False,winter,7.0,23.7,True,0,,,164.28,313.96,False,0
2023-01-09,63.0,989.79,15.71,False,False,False,False,winter,9.9,2.5,False,0,,,157.64,301.26,False,0
2023-01-10,59.0,918.56,15.57,False,False,False,False,winter,8.7,0.0,False,0,,,159.93,305.65,False,0
2023-01-11,65.0,2232.19,34.34,False,False,False,False,winter,7.4,0.1,False,0,,,180.25,344.47,False,0
2023-01-12,54.0,959.95,17.78,False,False,False,False,winter,6.2,0.0,False,0,,,178.73,341.56,False,0
2023-01-13,37.0,724.04,19.57,False,False,False,False,winter,5.9,0.0,False,0,,,195.32,373.28,False,0
2023-01-14,50.0,1810.24,36.2,True,False,False,False,winter,7.3,0.0,False,0,,,161.53,308.7,False,0
2023-01-15,48.0,1518.37,31.63,True,False,False,False,winter,6.4,1.3,False,0,,,145.48,278.02,False,0
2023-01-16,68.0,1200.42,17.65,False,False,False,False,winter,4.5,4.6,True,0,,,151.12,288.8,False,0
2023-01-17,49.0,960.12,19.59,False,False,False,False,winter,3.6,2.9,True,0,,,169.15,323.27,False,0
2023-01-18,49.0,1111.59,22.69,False,False,False,False,winter,3.6,0.3,True,0,,,149.38,285.48,False,0
2023-01-19,38.0,785.17,20.66,False,False,False,False,winter,1.9,0.3,True,0,,,179.35,342.76,False,0
2023-01-20,54.0,1366.12,25.3,False,False,False,False,winter,3.0,0.3,True,0,,,185.47,354.44,False,0
2023-01-21,59.0,1849.36,31.35,True,False,False,False,winter,4.3,0.0,True,0,,,154.39,295.05,False,0
2023-01-22,63.0,2121.73,33.68,True,False,False,False,winter,4.4,0.0,True,0,,,185.4,354.33,False,0
2023-01-23,41.0,634.97,15.49,False,False,False,False,winter,3.8,0.2,True,0,,,204.11,390.08,False,0
2023-01-24,45.0,751.13,16.69,False,False,False,False,winter,6.8,1.2,False,0,,,202.07,386.17,False,0
2023-01-25,52.0,659.61,12.68,False,False,False,False,winter,5.0,0.0,False,0,,,187.39,358.12,False,0
2023-01-26,44.0,765.18,17.39,False,False,False,False,winter,3.8,0.1,True,0,,,174.27,333.04,False,0
2023-01-27,34.0,834.78,24.55,False,False,False,False,winter,2.8,1.0,True,0,,,171.49,327.74,False,0
2023-01-28,58.0,1618.63,27.91,True,False,False,False,winter,4.0,0.0,True,0,,,163.89,313.22,False,0
2023-01-29,56.0,648.71,11.58,True,False,False,False,winter,3.5,0.0,True,0,,,155.83,297.8,False,0
2023-01-30,31.0,733.83,23.67,False,False,False,False,winter,4.4,0.0,True,0,,,179.47,342.99,False,0
2023-01-31,31.0,842.96,27.19,False,False,False,False,winter,7.0,0.0,False,0,,,161.94,309.49,False,0
2023-02-01,59.0,1136.08,19.26,False,False,False,False,winter,9.0,0.0,False,0,,,163.58,312.61,False,0
2023-02-02,55.0,879.73,16.0,False,False,False,False,winter,9.8,0.0,False,0,,,179.74,343.5,False,0
2023-02-03,46.0,977.59,21.25,False,False,False,False,winter,10.6,0.0,False,0,,,169.61,324.14,False,0
2023-02-04,64.0,938.87,14.67,True,False,False,False,winter,11.0,0.0,False,0,,,155.49,297.16,False,0
2023-02-05,52.0,1106.52,21.28,True,False,False,False,winter,5.9,0.0,False,0,,,140.31,268.15,False,0
2023-02-06,42.0,1329.93,31.67,False,False,False,False,winter,3.4,0.9,True,0,,,173.22,331.05,False,0
2023-02-07,57.0,1696.78,29.77,False,False,False,False,winter,2.2,0.7,True,0,,,178.26,340.68,False,0
2023-02-08,46.0,1285.56,27.95,False,False,False,False,winter,0.9,0.0,True,0,,,170.35,325.55,False,0
2023-02-09,57.0,1848.34,32.43,False,False,False,False,winter,1.0,0.0,True,0,,,179.59,343.21,False,0
2023-02-10,53.0,1688.34,31.86,False,False,False,False,winter,2.3,0.0,True,0,,,168.19,321.43,False,0
2023-02-11,67.0,1176.05,17.55,True,False,False,False,winter,4.6,0.0,True,0,,,171.62,327.99,False,0
2023-02-12,51.0,1630.95,31.98,True,False,False,False,winter,8.4,0.0,False,0,,,150.76,288.11,False,0
2023-02-13,55.0,854.21,15.53,False,False,False,False,winter,7.2,0.0,False,0,,,168.78,322.55,False,0
2023-02-14,43.0,850.5,19.78,False,False,False,False,winter,8.6,0.0,False,0,,,161.1,307.87,False,0
2023-02-15,44.0,1332.67,30.29,False,False,False,False,winter,9.2,0.0,False,0,,,165.87,316.99,False,0
2023-02-16,54.0,1573.95,29.15,False,False,False,False,winter,7.4,0.0,False,0,,,163.61,312.68,False,0
2023-02-17,55.0,1221.09,22.2,False,False,False,False,winter,7.2,0.0,False,0,,,165.67,316.61,False,0
2023-02-18,43.0,1550.81,36.07,True,False,False,False,winter,8.2,0.0,False,0,,,139.7,266.97,False,0
2023-02-19,65.0,1543.07,23.74,True,False,False,False,winter,9.0,0.0,False,0,,,134.9,257.8,False,0
2023-02-20,44.0,540.98,12.3,False,False,False,False,winter,8.4,0.0,False,0,,,159.72,305.25,False,0
2023-02-21,43.0,1132.97,26.35,False,False,False,False,winter,7.4,0.1,False,3,Milano Fashion Week Feb 2023,fair,159.85,305.5,False,1
2023-02-22,55.0,935.07,17.0,False,False,False,False,winter,10.0,0.0,False,3,Milano Fashion Week Feb 2023,fair,162.28,310.13,False,1
2023-02-23,40.0,618.98,15.47,False,False,False,False,winter,9.7,0.2,False,3,Milano Fashion Week Feb 2023,fair,156.37,298.84,False,1
2023-02-24,42.0,1050.51,25.01,False,False,False,False,winter,9.6,4.6,False,3,Milano Fashion Week Feb 2023,fair,164.0,313.42,False,1
2023-02-25,61.0,1251.37,20.51,True,False,False,False,winter,10.6,0.2,False,3,Milano Fashion Week Feb 2023,fair,145.95,278.92,False,1
2023-02-26,59.0,2333.43,39.55,True,False,False,False,winter,5.3,8.4,False,3,Milano Fashion Week Feb 2023,fair,125.54,239.92,False,1
2023-02-27,37.0,1544.23,41.74,False,False,False,False,winter,3.7,1.6,True,3,Milano Fashion Week Feb 2023,fair,173.2,331.0,False,1
2023-02-28,50.0,1124.59,22.49,False,False,False,False,winter,4.7,0.4,True,0,,,162.73,310.99,False,0
2023-03-01,60.0,1368.2,22.8,False,False,False,False,spring,4.6,0.9,True,0,,,167.98,321.02,False,0
2023-03-02,69.0,1262.0,18.29,False,False,False,False,spring,7.7,0.9,False,0,,,167.95,320.97,False,0
2023-03-03,30.0,531.68,17.72,False,False,False,False,spring,8.6,0.0,False,0,,,165.88,317.02,False,0
2023-03-04,58.0,1834.87,31.64,True,False,False,False,spring,9.3,0.0,False,0,,,143.96,275.13,False,0
2023-03-05,77.0,2527.05,32.82,True,False,False,False,spring,8.8,0.0,False,0,,,140.75,268.99,False,0
2023-03-06,48.0,524.94,10.94,False,False,False,False,spring,7.8,0.7,False,0,,,147.15,281.22,False,0
2023-03-07,60.0,1797.86,29.96,False,False,False,False,spring,8.0,1.8,False,0,,,152.23,290.93,False,0
2023-03-08,55.0,1035.66,18.83,False,False,False,False,spring,8.2,0.0,False,0,,,135.9,259.72,False,0
2023-03-09,47.0,1106.42,23.54,False,False,False,False,spring,13.2,4.1,False,0,,,133.24,254.63,False,0
2023-03-10,64.0,1331.6,20.81,False,False,False,False,spring,11.6,0.7,False,0,,,125.48,239.8,False,0
2023-03-11,65.0,1823.08,28.05,True,False,False,False,spring,13.7,0.2,False,0,,,123.34,235.71,False,0
2023-03-12,47.0,1936.52,41.2,True,False,False,False,spring,11.7,0.9,False,0,,,122.75,234.59,False,0
2023-03-13,62.0,1382.88,22.3,False,False,False,False,spring,9.8,1.7,False,0,,,145.4,277.87,False,0
2023-03-14,44.0,2022.85,45.97,False,False,False,False,spring,11.6,38.3,True,0,,,131.44,251.19,False,0
2023-03-15,61.0,1254.0,20.56,False,False,False,False,spring,10.1,0.0,False,0,,,140.8,269.09,False,0
2023-03-16,37.0,905.48,24.47,False,False,False,False,spring,8.8,0.0,False,0,,,129.17,246.86,False,0
2023-03-17,42.0,1565.31,37.27,False,False,False,False,spring,8.6,0.0,False,0,,,127.01,242.73,False,0
2023-03-18,57.0,1151.1,20.19,True,False,False,False,spring,9.3,0.0,False,0,,,133.75,255.6,False,0
2023-03-19,53.0,2339.73,44.15,True,False,False,False,spring,10.0,0.0,False,0,,,123.74,236.48,True,0
2023-03-20,58.0,1942.59,33.49,False,False,False,False,spring,10.5,0.0,False,0,,,137.41,262.59,False,0
2023-03-21,52.0,1107.07,21.29,False,False,False,False,spring,11.2,0.0,False,0,,,133.89,255.88,False,0
2023-03-22,52.0,1272.02,24.46,False,False,False,False,spring,12.8,0.0,False,0,,,132.74,253.67,False,0
2023-03-23,49.0,895.72,18.28,False,False,False,False,spring,12.8,0.3,False,0,,,142.51,272.34,False,0
2023-03-24,54.0,1932.06,35.78,False,False,False,False,spring,11.1,5.0,False,0,,,130.87,250.11,False,0
2023-03-25,58.0,3452.1,59.52,True,False,False,False,spring,13.5,2.1,False,0,,,101.32,193.63,False,0
2023-03-26,54.0,2106.72,39.01,True,False,False,False,spring,10.5,0.9,False,0,,,108.43,207.23,False,0
2023-03-27,51.0,967.12,18.96,False,False,False,False,spring,10.8,0.0,False,0,,,138.23,264.16,False,0
2023-03-28,55.0,1270.94,23.11,False,False,False,False,spring,9.2,0.0,False,0,,,120.34,229.99,False,0
2023-03-29,43.0,1829.62,42.55,False,False,False,False,spring,10.4,0.0,False,0,,,136.51,260.87,False,0
2023-03-30,51.0,937.71,18.39,False,False,False,False,spring,10.4,1.4,False,0,,,155.42,297.02,False,0
2023-03-31,47.0,1285.39,27.35,False,False,False,False,spring,9.7,12.2,True,0,,,131.15,250.64,False,0
2023-04-01,62.0,3267.92,52.71,True,False,False,False,spring,12.0,0.0,False,0,,,109.8,209.84,False,0
2023-04-02,62.0,2596.49,41.88,True,False,False,False,spring,11.6,0.0,False,0,,,136.8,261.44,False,0
2023-04-03,54.0,2126.37,39.38,False,False,False,False,spring,12.0,1.0,False,0,,,141.51,270.44,False,0
2023-04-04,64.0,1731.57,27.06,False,False,False,False,spring,8.5,2.5,False,0,,,147.35,281.6,False,0
2023-04-05,66.0,1445.91,21.91,False,False,False,False,spring,6.6,0.0,False,0,,,171.62,327.97,False,0
2023-04-06,48.0,1231.89,25.66,False,False,False,False,spring,7.4,0.0,False,0,,,152.47,291.38,False,0
2023-04-07,53.0,1619.79,30.56,False,False,False,False,spring,8.2,0.9,False,0,,,148.86,284.49,True,0
2023-04-08,61.0,2773.57,45.47,True,False,False,False,spring,10.6,0.4,False,2,Pasqua e Pasquetta,tourism_peak,132.18,252.6,False,0
2023-04-09,58.0,1581.93,27.27,True,True,False,False,spring,10.2,0.1,False,2,Pasqua e Pasquetta,tourism_peak,161.52,308.68,False,0
2023-04-10,58.0,1458.76,25.15,False,True,False,False,spring,11.4,0.0,False,2,Pasqua e Pasquetta,tourism_peak,101.29,193.58,True,0
2023-04-11,46.0,1608.55,34.97,False,False,False,False,spring,13.0,0.0,False,0,,,135.0,257.99,False,0
2023-04-12,48.0,1671.02,34.81,False,False,False,False,spring,11.6,2.6,False,0,,,153.96,294.24,False,0
2023-04-13,52.0,1153.63,22.19,False,False,False,False,spring,11.0,6.3,False,0,,,145.32,277.72,False,0
2023-04-14,41.0,1761.11,42.95,False,False,False,False,spring,12.0,0.1,False,0,,,146.18,279.35,False,0
2023-04-15,46.0,1922.05,41.78,True,False,False,False,spring,11.0,0.6,False,0,,,132.23,252.71,False,0
2023-04-16,46.0,1074.45,23.36,True,False,False,False,spring,13.0,0.1,False,0,,,127.51,243.68,False,0
2023-04-17,52.0,1539.65,29.61,False,False,False,False,spring,12.3,0.3,False,0,,,144.48,276.11,False,0
2023-04-18,51.0,1852.53,36.32,False,False,False,False,spring,14.5,0.4,False,3,Salone del Mobile 2023,fair,145.0,277.11,False,1
2023-04-19,54.0,1631.23,30.21,False,False,False,False,spring,14.2,0.3,False,3,Salone del Mobile 2023,fair,143.2,273.67,False,1
2023-04-20,56.0,1629.41,29.1,False,False,False,False,spring,10.6,53.4,True,3,Salone del Mobile 2023,fair,148.96,284.67,False,1
2023-04-21,52.0,1460.33,28.08,False,False,False,False,spring,11.6,35.2,True,3,Salone del Mobile 2023,fair,144.02,275.24,False,1
2023-04-22,67.0,2059.34,30.74,True,False,False,False,spring,14.0,0.0,False,3,Salone del Mobile 2023,fair,120.97,231.19,False,1
2023-04-23,73.0,1976.54,27.08,True,False,False,False,spring,14.2,8.4,False,3,Salone del Mobile 2023,fair,122.61,234.31,False,1
2023-04-24,42.0,1602.33,38.15,False,False,True,False,spring,15.1,8.4,False,0,,,114.4,218.63,False,0
2023-04-25,56.0,1374.04,24.54,False,True,False,False,spring,13.0,0.4,False,0,,,107.12,204.71,False,0
2023-04-26,55.0,1574.18,28.62,False,False,False,False,spring,13.8,0.0,False,0,,,120.42,230.14,False,0
2023-04-27,65.0,2568.11,39.51,False,False,False,False,spring,13.6,0.0,False,0,,,129.73,247.93,False,0
2023-04-28,57.0,2250.95,39.49,False,False,False,False,spring,15.0,0.0,False,0,,,133.71,255.54,False,0
2023-04-29,48.0,2580.37,53.76,True,False,False,False,spring,15.7,0.2,False,0,,,118.24,225.96,False,0
2023-04-30,50.0,3140.02,62.8,True,False,False,False,spring,16.1,13.1,True,0,,,112.7,215.39,False,0
2023-05-01,37.0,2102.73,56.83,False,True,False,False,spring,14.0,21.4,True,0,,,112.64,215.26,True,0
2023-05-02,63.0,1585.67,25.17,False,False,False,False,spring,16.0,4.2,False,0,,,123.97,236.92,False,0
2023-05-03,60.0,1517.66,25.29,False,False,False,False,spring,15.0,0.0,False,0,,,124.02,237.01,False,0
2023-05-04,70.0,1309.2,18.7,False,False,False,False,spring,16.4,0.2,False,0,,,117.64,224.82,False,0
2023-05-05,64.0,3213.51,50.21,False,False,False,False,spring,16.7,0.0,False,0,,,118.34,226.17,False,0
2023-05-06,55.0,3585.09,65.18,True,False,False,False,spring,18.9,1.2,False,0,,,105.11,200.88,False,0
2023-05-07,78.0,1565.93,20.08,True,False,False,False,spring,18.6,21.7,True,0,,,91.27,174.42,False,0
2023-05-08,58.0,2400.17,41.38,False,False,False,False,spring,17.6,11.6,True,0,,,132.27,252.77,False,0
2023-05-09,62.0,2368.92,38.21,False,False,False,False,spring,17.0,16.0,True,0,,,134.68,257.39,False,0
2023-05-10,56.0,1711.38,30.56,False,False,False,False,spring,14.0,39.1,True,0,,,126.48,241.72,False,0
2023-05-11,64.0,1811.48,28.3,False,False,False,False,spring,14.3,11.0,True,0,,,120.92,231.08,False,0
2023-05-12,60.0,1777.82,29.63,False,False,False,False,spring,13.0,16.8,True,0,,,114.8,219.39,False,0
2023-05-13,52.0,1612.3,31.01,True,False,False,False,spring,13.2,3.5,False,0,,,110.71,211.57,False,0
2023-05-14,58.0,1505.37,25.95,True,False,False,False,spring,13.6,4.5,False,0,,,95.69,182.87,False,0
2023-05-15,53.0,1569.87,29.62,False,False,False,False,spring,15.4,0.2,False,0,,,111.35,212.8,False,0
2023-05-16,48.0,2481.65,51.7,False,False,False,False,spring,14.4,1.3,False,0,,,104.0,198.75,False,0
2023-05-17,53.0,2024.73,38.2,False,False,False,False,spring,15.4,0.7,False,0,,,114.3,218.43,False,0
2023-05-18,52.0,1510.55,29.05,False,False,False,False,spring,15.2,4.4,False,0,,,111.38,212.85,True,0
2023-05-19,61.0,2324.69,38.11,False,False,False,False,spring,14.2,16.7,True,3,Concorso d'Eleganza Villa d'Este,festival,114.49,218.81,False,0
2023-05-20,46.0,1379.66,29.99,True,False,False,False,spring,14.6,7.4,False,3,Concorso d'Eleganza Villa d'Este,festival,102.56,196.01,False,0
2023-05-21,54.0,2465.28,45.65,True,False,False,False,spring,18.4,1.0,False,3,Concorso d'Eleganza Villa d'Este,festival,64.4,123.08,False,0
2023-05-22,61.0,2905.76,47.64,False,False,False,False,spring,19.4,1.0,False,0,,,106.25,203.05,False,0
2023-05-23,58.0,1275.71,22.0,False,False,False,False,spring,21.0,0.3,False,0,,,108.77,207.87,False,0
2023-05-24,43.0,1962.13,45.63,False,False,False,False,spring,19.0,8.1,False,0,,,107.95,206.3,False,0
2023-05-25,57.0,1571.86,27.58,False,False,False,False,spring,18.0,19.5,True,0,,,101.54,194.05,False,0
2023-05-26,58.0,2672.23,46.07,False,False,False,False,spring,19.6,0.0,False,0,,,92.61,176.98,False,0
2023-05-27,44.0,2451.02,55.7,True,False,False,False,spring,20.2,4.2,False,0,,,71.66,136.95,False,0
2023-05-28,48.0,2604.94,54.27,True,False,False,False,spring,19.3,11.7,True,0,,,64.29,122.87,False,0
2023-05-29,66.0,1376.19,20.85,False,False,False,False,spring,19.2,2.3,False,0,,,86.16,164.66,True,0
2023-05-30,52.0,1621.23,31.18,False,False,False,False,spring,20.0,6.4,False,0,,,94.38,180.36,False,0
2023-05-31,45.0,1859.67,41.33,False,False,False,False,spring,19.8,6.6,False,0,,,92.97,177.67,False,0
2023-06-01,50.0,2184.67,43.69,False,False,False,True,summer,19.4,1.4,False,0,,,95.5,182.51,False,0
2023-06-02,63.0,1979.86,31.43,False,True,False,True,summer,20.4,0.6,False,0,,,81.92,156.55,False,0
2023-06-03,58.0,1901.23,32.78,True,False,False,True,summer,19.5,10.5,True,0,,,75.28,143.86,False,0
2023-06-04,54.0,3359.93,62.22,True,False,False,True,summer,19.6,6.7,False,0,,,60.75,116.1,False,0
2023-06-05,42.0,2180.33,51.91,False,False,False,True,summer,17.6,17.1,True,0,,,96.15,183.75,False,0
2023-06-06,44.0,3091.65,70.26,False,False,False,True,summer,19.0,0.6,False,0,,,90.3,172.58,False,0
2023-06-07,63.0,2539.37,40.31,False,False,False,True,summer,19.1,18.5,True,0,,,94.26,180.14,False,0
2023-06-08,48.0,3172.52,66.09,False,False,False,True,summer,19.8,2.2,False,0,,,90.18,172.34,True,0
2023-06-09,52.0,2149.28,41.33,False,False,False,True,summer,19.8,4.7,False,0,,,92.0,175.81,False,0
2023-06-10,48.0,3980.27,82.92,True,False,False,True,summer,21.2,1.7,False,0,,,99.04,189.27,False,0
2023-06-11,51.0,5143.16,100.85,True,False,False,True,summer,21.0,8.2,False,0,,,94.4,180.4,False,0
2023-06-12,45.0,2000.92,44.46,False,False,False,True,summer,20.8,10.0,False,0,,,102.0,194.92,False,0
2023-06-13,60.0,2176.3,36.27,False,False,False,True,summer,19.4,10.0,False,0,,,105.93,202.44,False,0
2023-06-14,58.0,1800.31,31.04,False,False,False,True,summer,19.8,12.3,True,0,,,108.39,207.15,False,0
2023-06-15,50.0,3387.44,67.75,False,False,False,True,summer,20.4,3.5,False,0,,,112.37,214.76,False,0
2023-06-16,59.0,1735.1,29.41,False,False,False,True,summer,21.4,0.0,False,0,,,121.32,231.85,False,0
2023-06-17,44.0,2501.78,56.86,True,False,False,True,summer,21.4,0.0,False,0,,,106.22,203.0,False,0
2023-06-18,52.0,1411.81,27.15,True,False,False,True,summer,21.7,0.2,False,0,,,103.31,197.44,False,0
2023-06-19,36.0,1626.75,45.19,False,False,False,True,summer,21.8,1.3,False,0,,,124.94,238.78,False,0
2023-06-20,51.0,2656.45,52.09,False,False,False,True,summer,23.3,0.0,False,0,,,119.29,227.97,False,0
2023-06-21,58.0,2288.96,39.46,False,False,False,True,summer,23.2,0.0,False,0,,,129.48,247.45,False,0
2023-06-22,53.0,3111.24,58.7,False,False,False,True,summer,25.0,0.1,False,0,,,129.14,246.79,False,0
2023-06-23,50.0,2681.87,53.64,False,False,False,True,summer,25.5,8.9,False,0,,,120.84,230.93,False,0
2023-06-24,79.0,1978.62,25.05,True,False,False,True,summer,24.8,0.0,False,0,,,113.06,216.06,False,0
2023-06-25,57.0,1438.78,25.24,True,False,False,True,summer,23.7,0.0,False,0,,,97.31,185.98,False,0
2023-06-26,59.0,2521.21,42.73,False,False,False,True,summer,25.0,0.0,False,0,,,116.29,222.24,False,0
2023-06-27,56.0,2641.57,47.17,False,False,False,True,summer,25.8,0.0,False,0,,,119.52,228.41,False,0
2023-06-28,68.0,1974.27,29.03,False,False,False,True,summer,22.8,0.0,False,0,,,120.16,229.65,False,0
2023-06-29,51.0,3062.83,60.06,False,False,False,True,summer,23.0,0.5,False,0,,,121.22,231.65,True,0
2023-06-30,69.0,3426.29,49.66,False,False,False,True,summer,20.5,13.7,True,0,,,119.69,228.74,False,0
2023-07-01,53.0,3845.04,72.55,True,False,False,True,summer,21.5,2.7,False,0,,,102.82,196.5,False,0
2023-07-02,45.0,2845.43,63.23,True,False,False,True,summer,23.0,0.5,False,0,,,110.38,210.95,False,0
2023-07-03,47.0,1786.45,38.01,False,False,False,True,summer,22.4,5.8,False,0,,,115.75,221.21,False,0
2023-07-04,47.0,2998.47,63.8,False,False,False,True,summer,21.8,7.4,False,0,,,134.77,257.55,False,0
2023-07-05,44.0,730.64,16.61,False,False,False,True,summer,21.0,0.6,False,0,,,115.86,221.43,False,0
2023-07-06,47.0,1911.47,40.67,False,False,False,True,summer,20.8,3.8,False,0,,,116.35,222.35,False,0
2023-07-07,56.0,1935.92,34.57,False,False,False,True,summer,22.3,0.0,False,0,,,121.3,231.82,False,0
2023-07-08,53.0,3045.53,57.46,True,False,False,True,summer,23.8,0.4,False,0,,,106.41,203.35,False,0
2023-07-09,67.0,2554.42,38.13,True,False,False,True,summer,25.6,0.0,False,0,,,105.15,200.95,False,0
2023-07-10,61.0,2271.44,37.24,False,False,False,True,summer,27.2,0.0,False,0,,,127.28,243.24,False,0
2023-07-11,62.0,1746.36,28.17,False,False,False,True,summer,27.8,0.4,False,0,,,123.63,236.27,False,0
2023-07-12,52.0,1610.0,30.96,False,False,False,True,summer,23.4,56.0,True,0,,,119.58,228.54,False,0
2023-07-13,55.0,1980.54,36.01,False,False,False,True,summer,23.2,3.7,False,0,,,112.16,214.36,False,0
2023-07-14,66.0,1962.4,29.73,False,False,False,True,summer,22.6,5.1,False,0,,,102.3,195.5,False,0
2023-07-15,32.0,5147.81,160.87,True,False,False,True,summer,25.0,0.3,False,0,,,103.89,198.55,False,0
2023-07-16,58.0,3423.47,59.03,True,False,False,True,summer,25.4,0.0,False,0,,,109.04,208.39,False,0
2023-07-17,49.0,2345.22,47.86,False,False,False,True,summer,26.6,0.1,False,0,,,117.26,224.09,False,0
2023-07-18,56.0,2012.28,35.93,False,False,False,True,summer,26.6,0.0,False,0,,,120.25,229.81,False,0
2023-07-19,61.0,2038.09,33.41,False,False,False,True,summer,25.7,12.8,True,0,,,128.82,246.18,False,0
2023-07-20,66.0,2454.78,37.19,False,False,False,True,summer,25.4,0.8,False,0,,,119.76,228.87,False,0
2023-07-21,47.0,3041.33,64.71,False,False,False,True,summer,22.8,32.2,True,0,,,114.05,217.97,False,0
2023-07-22,62.0,3988.12,64.32,True,False,False,True,summer,22.8,0.1,False,0,,,107.27,205.01,False,0
2023-07-23,51.0,4736.56,92.87,True,False,False,True,summer,23.2,0.6,False,0,,,106.73,203.98,False,0
2023-07-24,49.0,2484.58,50.71,False,False,False,True,summer,22.5,4.8,False,0,,,116.19,222.05,False,0
2023-07-25,58.0,1813.83,31.27,False,False,False,True,summer,21.8,4.9,False,0,,,117.4,224.36,False,0
2023-07-26,66.0,3209.88,48.63,False,False,False,True,summer,22.5,0.0,False,0,,,103.88,198.52,False,0
2023-07-27,34.0,1728.66,50.84,False,False,False,True,summer,20.6,0.0,False,0,,,112.77,215.52,False,0
2023-07-28,46.0,3370.88,73.28,False,False,False,True,summer,22.5,0.0,False,0,,,108.0,206.4,False,0
2023-07-29,65.0,3415.05,52.54,True,False,False,True,summer,23.1,0.3,False,0,,,95.35,182.23,False,0
2023-07-30,66.0,2018.35,30.58,True,False,False,True,summer,23.1,0.0,False,0,,,80.62,154.07,False,0
2023-07-31,43.0,1966.52,45.73,False,False,False,True,summer,24.0,0.2,False,0,,,99.76,190.65,False,0
2023-08-01,48.0,2106.82,43.89,False,False,False,True,summer,23.2,10.8,True,0,,,100.64,192.34,True,0
2023-08-02,62.0,1664.07,26.84,False,False,False,True,summer,22.9,1.3,False,0,,,107.99,206.39,False,0
2023-08-03,40.0,2791.94,69.8,False,False,False,True,summer,23.4,9.3,False,0,,,111.66,213.4,False,0
2023-08-04,60.0,2833.19,47.22,False,False,False,True,summer,21.2,7.8,False,0,,,106.75,204.01,False,0
2023-08-05,54.0,3858.47,71.45,True,False,False,True,summer,21.6,0.6,False,0,,,98.94,189.09,False,0
2023-08-06,40.0,4861.87,121.55,True,False,False,True,summer,22.0,0.0,False,0,,,81.74,156.21,False,0
2023-08-07,61.0,3566.93,58.47,False,False,False,True,summer,20.5,0.0,False,0,,,92.94,177.62,False,0
2023-08-08,51.0,1887.43,37.01,False,False,False,True,summer,20.7,0.0,False,0,,,84.81,162.08,False,0
2023-08-09,64.0,3285.86,51.34,False,False,False,True,summer,21.8,0.0,False,0,,,99.49,190.13,False,0
2023-08-10,65.0,2461.69,37.87,False,False,False,True,summer,23.0,0.0,False,3,Ferragosto — Tourism Peak,tourism_peak,98.65,188.53,False,0
2023-08-11,50.0,2454.2,49.08,False,False,False,True,summer,23.7,0.0,False,3,Ferragosto — Tourism Peak,tourism_peak,107.6,205.64,False,0
2023-08-12,57.0,4820.54,84.57,True,False,False,True,summer,25.0,0.0,False,3,Ferragosto — Tourism Peak,tourism_peak,89.48,171.01,False,0
2023-08-13,66.0,2353.72,35.66,True,False,False,True,summer,26.1,1.6,False,3,Ferragosto — Tourism Peak,tourism_peak,101.21,193.43,False,0
2023-08-14,50.0,3347.38,66.95,False,False,True,True,summer,26.4,2.5,False,3,Ferragosto — Tourism Peak,tourism_peak,105.78,202.16,False,0
2023-08-15,49.0,4769.0,97.33,False,True,False,True,summer,26.1,0.5,False,3,Ferragosto — Tourism Peak,tourism_peak,105.89,202.36,True,0
2023-08-16,62.0,1535.27,24.76,False,False,False,True,summer,25.9,0.4,False,3,Ferragosto — Tourism Peak,tourism_peak,109.69,209.64,False,0
2023-08-17,53.0,1591.23,30.02,False,False,False,True,summer,25.5,1.5,False,3,Ferragosto — Tourism Peak,tourism_peak,111.66,213.4,False,0
2023-08-18,52.0,2786.43,53.59,False,False,False,True,summer,26.1,0.0,False,3,Ferragosto — Tourism Peak,tourism_peak,112.07,214.18,False,0
2023-08-19,52.0,4050.57,77.9,True,False,False,True,summer,27.2,0.0,False,0,,,101.25,193.49,False,0
2023-08-20,60.0,2516.91,41.95,True,False,False,True,summer,28.0,0.0,False,0,,,95.42,182.36,False,0
2023-08-21,63.0,3208.27,50.92,False,False,False,True,summer,28.8,0.0,False,0,,,119.4,228.18,False,0
2023-08-22,70.0,2052.19,29.32,False,False,False,True,summer,29.0,0.0,False,0,,,138.42,264.54,False,0
2023-08-23,53.0,3014.41,56.88,False,False,False,True,summer,29.8,0.0,False,0,,,156.95,299.95,False,0
2023-08-24,67.0,2627.69,39.22,False,False,False,True,summer,30.0,0.6,False,0,,,163.11,311.72,False,0
2023-08-25,63.0,1683.37,26.72,False,False,False,True,summer,28.9,0.0,False,0,,,143.12,273.51,False,0
2023-08-26,54.0,3613.91,66.92,True,False,False,True,summer,23.6,56.1,True,1,Como 1907 vs Reggiana (Serie B),sports,124.68,238.28,False,0
2023-08-27,58.0,4543.88,78.34,True,False,False,True,summer,21.5,44.8,True,0,,,117.98,225.47,False,0
2023-08-28,50.0,2851.1,57.02,False,False,False,True,summer,18.3,59.5,True,0,,,120.36,230.02,False,0
2023-08-29,63.0,4029.36,63.96,False,False,False,True,summer,20.1,0.1,False,0,,,124.97,238.83,False,0
2023-08-30,58.0,2385.15,41.12,False,False,False,True,summer,19.3,0.0,False,0,,,111.06,212.24,False,0
2023-08-31,55.0,1350.39,24.55,False,True,False,True,summer,18.6,0.5,False,2,Fiera di Sant'Abbondio,festival,124.84,238.58,False,0
2023-09-01,47.0,854.41,18.18,False,False,True,True,autumn,20.0,0.3,False,3,GP Italia F1,sports,118.24,225.97,False,1
2023-09-02,63.0,5136.04,81.52,True,False,False,True,autumn,21.3,0.0,False,3,GP Italia F1,sports,96.4,184.23,False,1
2023-09-03,59.0,3275.94,55.52,True,False,False,True,autumn,22.9,0.0,False,3,GP Italia F1,sports,93.56,178.81,False,1
2023-09-04,56.0,2384.53,42.58,False,False,False,True,autumn,23.4,0.3,False,0,,,103.57,197.93,False,0
2023-09-05,55.0,2963.88,53.89,False,False,False,True,autumn,21.0,0.0,False,0,,,104.35,199.42,False,0
2023-09-06,62.0,1613.79,26.03,False,False,False,True,autumn,21.0,0.0,False,0,,,106.94,204.37,False,0
2023-09-07,62.0,2484.21,40.07,False,False,False,True,autumn,22.0,0.0,False,0,,,110.88,211.91,False,0
2023-09-08,51.0,1335.4,26.18,False,False,False,True,autumn,23.0,0.0,False,0,,,111.65,213.38,False,0
2023-09-09,58.0,3648.53,62.91,True,False,False,True,autumn,22.8,0.0,False,0,,,101.07,193.15,True,0
2023-09-10,63.0,4205.66,66.76,True,False,False,True,autumn,23.2,0.0,False,0,,,108.33,207.03,True,0
2023-09-11,59.0,1461.26,24.77,False,False,False,True,autumn,23.4,0.0,False,0,,,126.5,241.74,False,0
2023-09-12,54.0,1610.93,29.83,False,False,False,True,autumn,23.5,0.0,False,0,,,126.03,240.86,False,0
2023-09-13,48.0,2293.03,47.77,False,False,False,True,autumn,21.0,20.6,True,0,,,128.17,244.95,False,0
2023-09-14,45.0,1104.99,24.56,False,False,False,True,autumn,21.2,4.0,False,0,,,128.17,244.95,False,0
2023-09-15,59.0,2217.02,37.58,False,False,False,True,autumn,20.0,23.4,True,0,,,130.62,249.63,False,0
2023-09-16,64.0,3102.73,48.48,True,False,False,True,autumn,20.8,6.8,False,0,,,119.94,229.21,False,0
2023-09-17,52.0,2531.84,48.69,True,False,False,True,autumn,21.6,0.3,False,1,Como 1907 vs Ternana (Serie B),sports,109.37,209.02,False,0
2023-09-18,51.0,2040.36,40.01,False,False,False,True,autumn,19.8,70.6,True,0,,,122.68,234.45,False,0
2023-09-19,60.0,2205.18,36.75,False,False,False,True,autumn,20.9,0.8,False,3,Milano Fashion Week Sep 2023,fair,124.62,238.17,False,1
2023-09-20,47.0,801.49,17.05,False,False,False,True,autumn,20.2,10.3,True,3,Milano Fashion Week Sep 2023,fair,127.28,243.25,False,1
2023-09-21,64.0,1680.25,26.25,False,False,False,True,autumn,19.2,18.8,True,3,Milano Fashion Week Sep 2023,fair,118.66,226.78,False,1
2023-09-22,58.0,1624.77,28.01,False,False,False,True,autumn,16.8,47.2,True,3,Milano Fashion Week Sep 2023,fair,123.06,235.17,False,1
2023-09-23,63.0,2472.66,39.25,True,False,False,True,autumn,18.4,4.4,False,3,Milano Fashion Week Sep 2023,fair,115.21,220.18,False,1
2023-09-24,67.0,2528.44,37.74,True,False,False,True,autumn,17.9,0.0,False,3,Milano Fashion Week Sep 2023,fair,96.35,184.14,False,1
2023-09-25,44.0,2990.53,67.97,False,False,False,True,autumn,17.8,0.0,False,3,Milano Fashion Week Sep 2023,fair,113.62,217.13,False,1
2023-09-26,50.0,2008.07,40.16,False,False,False,True,autumn,18.8,0.0,False,0,,,121.29,231.79,False,0
2023-09-27,49.0,3611.65,73.71,False,False,False,True,autumn,20.0,0.0,False,1,Como 1907 vs Sampdoria (Serie B),sports,128.38,245.35,False,0
2023-09-28,45.0,2419.86,53.77,False,False,False,True,autumn,20.5,0.0,False,1,Die Zauberflöte (Mozart) — Teatro Sociale,concert,113.49,216.9,False,0
2023-09-29,61.0,2420.4,39.68,False,False,False,True,autumn,20.1,0.0,False,1,Die Zauberflöte (Mozart) — Teatro Sociale,concert,130.38,249.16,False,0
2023-09-30,61.0,4284.57,70.24,True,False,False,True,autumn,21.0,0.0,False,1,Die Zauberflöte (Mozart) — Teatro Sociale,concert,112.08,214.2,False,0
2023-10-01,49.0,1638.65,33.44,True,False,False,False,autumn,21.0,0.0,False,0,,,94.26,180.15,False,0
2023-10-02,60.0,967.36,16.12,False,False,False,False,autumn,20.7,0.0,False,0,,,119.5,228.38,False,0
2023-10-03,58.0,1648.6,28.42,False,False,False,False,autumn,20.4,0.0,False,1,Carmina Burana — Teatro Sociale,concert,137.08,261.98,False,0
2023-10-04,56.0,2102.15,37.54,False,False,False,False,autumn,19.4,0.1,False,0,,,118.02,225.55,False,0
2023-10-05,52.0,2537.15,48.79,False,False,False,False,autumn,19.9,0.0,False,2,Orticolario 2023,fair,114.79,219.38,False,1
2023-10-06,36.0,1418.3,39.4,False,False,False,False,autumn,19.2,0.0,False,2,Orticolario 2023,fair,130.39,249.19,False,1
2023-10-07,59.0,3524.46,59.74,True,False,False,False,autumn,19.5,0.0,False,2,Orticolario 2023,fair,124.53,238.0,False,1
2023-10-08,59.0,1531.45,25.96,True,False,False,False,autumn,22.8,0.0,False,2,Orticolario 2023,fair,101.21,193.43,False,1
2023-10-09,47.0,1012.65,21.55,False,False,False,False,autumn,23.4,0.0,False,0,,,128.92,246.38,False,0
2023-10-10,57.0,1381.06,24.23,False,False,False,False,autumn,21.2,0.0,False,0,,,140.43,268.37,False,0
2023-10-11,57.0,2272.29,39.86,False,False,False,False,autumn,19.8,0.0,False,0,,,150.61,287.82,False,0
2023-10-12,39.0,922.34,23.65,False,False,False,False,autumn,19.7,0.0,False,0,,,147.07,281.06,False,0
2023-10-13,59.0,1626.12,27.56,False,False,False,False,autumn,19.0,0.0,False,0,,,157.61,301.21,False,0
2023-10-14,54.0,1731.47,32.06,True,False,False,False,autumn,18.2,0.0,False,2,Proposte 2023,fair,153.32,293.02,False,0
2023-10-15,56.0,3264.38,58.29,True,False,False,False,autumn,17.8,0.0,False,2,Proposte 2023,fair,139.17,265.97,False,0
2023-10-16,45.0,1291.61,28.7,False,False,False,False,autumn,14.3,0.2,False,2,Proposte 2023,fair,175.76,335.9,False,0
2023-10-17,66.0,1742.03,26.39,False,False,False,False,autumn,12.4,0.0,False,2,Proposte 2023,fair,161.09,307.86,False,0
2023-10-18,47.0,900.88,19.17,False,False,False,False,autumn,12.3,0.5,False,0,,,151.67,289.86,False,0
2023-10-19,54.0,1244.46,23.05,False,False,False,False,autumn,12.3,13.9,True,0,,,152.27,291.01,False,0
2023-10-20,75.0,1666.94,22.23,False,False,False,False,autumn,15.0,67.8,True,0,,,138.01,263.75,False,0
2023-10-21,74.0,2611.1,35.29,True,False,False,False,autumn,14.3,33.0,True,0,,,136.63,261.11,False,0
2023-10-22,56.0,2449.63,43.74,True,False,False,False,autumn,14.8,0.5,False,0,,,129.2,246.91,False,0
2023-10-23,75.0,1983.23,26.44,False,False,False,False,autumn,14.8,0.4,False,0,,,144.64,276.42,False,0
2023-10-24,51.0,2242.61,43.97,False,False,False,False,autumn,14.0,35.4,True,0,,,142.18,271.71,False,0
2023-10-25,48.0,2305.72,48.04,False,False,False,False,autumn,14.2,0.0,False,0,,,134.41,256.87,False,0
2023-10-26,36.0,826.32,22.95,False,False,False,False,autumn,13.8,5.9,False,0,,,143.46,274.16,False,0
2023-10-27,66.0,2065.14,31.29,False,False,False,False,autumn,16.2,14.2,True,0,,,124.26,237.48,False,0
2023-10-28,49.0,2001.8,40.85,True,False,False,False,autumn,13.4,0.0,False,1,Como 1907 vs Catanzaro (Serie B),sports,107.31,205.09,False,0
2023-10-29,69.0,3364.06,48.75,True,False,False,False,autumn,13.6,5.4,False,0,,,121.39,231.98,False,0
2023-10-30,69.0,1742.39,25.25,False,False,False,False,autumn,14.4,59.4,True,0,,,120.95,231.14,False,0
2023-10-31,50.0,2182.62,43.65,False,False,False,False,autumn,14.4,32.9,True,0,,,122.31,233.74,False,0
2023-11-01,48.0,1453.75,30.29,False,True,False,False,autumn,11.6,1.7,False,0,,,98.04,187.36,True,0
2023-11-02,48.0,1263.98,26.33,False,False,False,False,autumn,11.6,46.5,True,0,,,111.05,212.23,False,0
2023-11-03,37.0,1357.79,36.7,False,False,False,False,autumn,11.6,12.5,True,0,,,77.16,147.46,False,0
2023-11-04,60.0,2051.83,34.2,True,False,False,False,autumn,9.0,13.2,True,0,,,74.51,142.4,False,0
2023-11-05,57.0,2540.96,44.58,True,True,False,False,autumn,11.4,8.9,False,0,,,66.04,126.2,False,0
2023-11-06,50.0,2134.37,42.69,False,False,False,False,autumn,11.3,0.4,False,0,,,103.24,197.3,False,0
2023-11-07,52.0,1309.41,25.18,False,False,False,False,autumn,9.8,6.5,False,3,EICMA 2023,fair,124.11,237.19,False,-1
2023-11-08,64.0,1344.75,21.01,False,False,False,False,autumn,10.2,0.0,False,3,EICMA 2023,fair,133.23,254.62,False,-1
2023-11-09,61.0,1239.23,20.32,False,False,False,False,autumn,8.8,8.4,False,3,EICMA 2023,fair,136.18,260.25,False,-1
2023-11-10,51.0,1693.87,33.21,False,False,False,False,autumn,9.2,0.4,False,3,EICMA 2023,fair,125.95,240.69,False,-1
2023-11-11,21.0,233.21,11.11,True,False,False,False,autumn,10.2,0.0,False,3,EICMA 2023,fair,105.53,201.67,False,-1
2023-11-12,53.0,2080.6,39.26,True,False,False,False,autumn,8.6,0.0,False,3,EICMA 2023,fair,122.56,234.22,False,-1
2023-11-13,52.0,787.43,15.14,False,False,False,False,autumn,10.2,0.0,False,0,,,127.1,242.9,False,0
2023-11-14,41.0,878.67,21.43,False,False,False,False,autumn,11.4,0.7,False,0,,,125.84,240.49,False,0
2023-11-15,48.0,2155.16,44.9,False,False,False,False,autumn,13.4,0.0,False,0,,,120.95,231.15,False,0
2023-11-16,70.0,1554.19,22.2,False,False,False,False,autumn,10.6,0.0,False,0,,,137.23,262.26,False,0
2023-11-17,41.0,1457.67,35.55,False,False,False,False,autumn,10.7,0.0,False,0,,,124.97,238.83,False,0
2023-11-18,68.0,2580.2,37.94,True,False,False,False,autumn,11.0,0.0,False,0,,,128.71,245.98,False,0
2023-11-19,58.0,2275.19,39.23,True,False,False,False,autumn,9.8,0.0,False,0,,,122.34,233.8,False,0
2023-11-20,60.0,1365.3,22.76,False,False,False,False,autumn,9.0,0.0,False,0,,,134.44,256.93,False,0
2023-11-21,46.0,1830.34,39.79,False,False,False,False,autumn,9.8,0.0,False,0,,,128.45,245.48,False,0
2023-11-22,56.0,1543.17,27.56,False,False,False,False,autumn,10.4,0.0,False,0,,,134.92,257.85,False,0
2023-11-23,65.0,2743.85,42.21,False,False,False,False,autumn,9.0,0.0,False,0,,,132.93,254.05,False,0
2023-11-24,43.0,1019.61,23.71,False,False,False,False,autumn,10.6,0.0,False,0,,,132.69,253.58,False,0
2023-11-25,60.0,1407.4,23.46,True,False,False,False,autumn,6.6,0.0,False,1,Como 1907 vs Feralpisalò (Serie B),sports,122.68,234.45,False,0
2023-11-26,56.0,2167.5,38.71,True,False,False,False,autumn,7.6,0.0,False,0,,,135.15,258.29,False,0
2023-11-27,56.0,1262.38,22.54,False,False,False,False,autumn,5.4,0.0,False,0,,,136.8,261.45,False,0
2023-11-28,46.0,977.77,21.26,False,False,False,False,autumn,6.8,0.0,False,1,Como 1907 vs Lecco (Serie B),sports,130.22,248.86,False,0
2023-11-29,59.0,1066.48,18.08,False,False,False,False,autumn,5.9,0.0,False,0,,,143.7,274.63,False,0
2023-11-30,50.0,1392.94,27.86,False,False,False,False,autumn,3.8,4.8,True,0,,,155.35,296.89,False,0
2023-12-01,58.0,2895.52,49.92,False,False,False,False,winter,6.0,29.0,True,2,Mercatini di Natale Como,market,143.11,273.49,False,1
2023-12-02,69.0,4426.86,64.16,True,False,False,False,winter,6.8,24.5,True,2,Mercatini di Natale Como,market,114.74,219.28,False,1
2023-12-03,62.0,4400.95,70.98,True,False,False,False,winter,5.0,0.0,False,2,Mercatini di Natale Como,market,114.39,218.62,False,1
2023-12-04,52.0,1786.25,34.35,False,False,False,False,winter,2.6,1.4,True,2,Mercatini di Natale Como,market,135.98,259.88,False,1
2023-12-05,42.0,2536.47,60.39,False,False,False,False,winter,2.8,0.2,True,2,Mercatini di Natale Como,market,133.39,254.92,False,1
2023-12-06,61.0,1261.67,20.68,False,False,False,False,winter,4.6,0.0,True,2,Mercatini di Natale Como,market,130.8,249.98,False,1
2023-12-07,56.0,2037.9,36.39,False,False,False,False,winter,5.6,0.0,False,2,Mercatini di Natale Como,market,121.96,233.07,False,1
2023-12-08,51.0,2874.39,56.36,False,True,False,False,winter,4.9,2.2,True,2,Mercatini di Natale Como,market,119.69,228.73,True,1
2023-12-09,59.0,4188.25,70.99,True,False,False,False,winter,4.2,1.1,True,2,Mercatini di Natale Como,market,118.3,226.07,False,1
2023-12-10,52.0,1627.68,31.3,True,False,False,False,winter,8.8,2.1,False,2,Mercatini di Natale Como,market,102.34,195.57,False,1
2023-12-11,45.0,2625.27,58.34,False,False,False,False,winter,8.3,0.0,False,2,Mercatini di Natale Como,market,121.1,231.44,False,1
2023-12-12,48.0,2392.99,49.85,False,False,False,False,winter,6.2,0.0,False,2,Mercatini di Natale Como,market,119.45,228.28,False,1
2023-12-13,53.0,1864.82,35.19,False,False,False,False,winter,7.2,3.4,False,2,Mercatini di Natale Como,market,110.22,210.63,False,1
2023-12-14,57.0,1991.45,34.94,False,False,False,False,winter,7.8,0.0,False,2,Mercatini di Natale Como,market,119.47,228.31,False,1
2023-12-15,50.0,3153.27,63.07,False,False,False,False,winter,9.1,0.0,False,2,Mercatini di Natale Como,market,105.97,202.52,False,1
2023-12-16,55.0,3584.28,65.17,True,False,False,False,winter,5.8,0.0,False,2,Mercatini di Natale Como,market,89.04,170.16,False,1
2023-12-17,59.0,3442.05,58.34,True,False,False,False,winter,6.5,0.0,False,2,Mercatini di Natale Como,market,105.74,202.08,False,1
2023-12-18,49.0,1251.1,25.53,False,False,False,False,winter,8.7,0.0,False,2,Mercatini di Natale Como,market,109.25,208.78,False,1
2023-12-19,68.0,2489.39,36.61,False,False,False,False,winter,9.4,0.0,False,2,Mercatini di Natale Como,market,107.78,205.98,False,1
2023-12-20,60.0,2315.65,38.59,False,False,False,False,winter,7.6,0.0,False,2,Mercatini di Natale Como,market,119.99,229.32,False,1
2023-12-21,59.0,2700.84,45.78,False,False,False,False,winter,7.8,0.0,False,2,Mercatini di Natale Como,market,104.24,199.22,False,1
2023-12-22,59.0,2370.73,40.18,False,False,False,False,winter,10.7,0.7,False,2,Mercatini di Natale Como,market,101.35,193.68,False,1
2023-12-23,60.0,3362.81,56.05,True,False,False,False,winter,14.0,0.0,False,2,Mercatini di Natale Como,market,101.47,193.91,False,1
2023-12-24,50.0,1619.74,32.39,True,False,False,False,winter,12.2,0.0,False,2,Mercatini di Natale Como,market,116.33,222.32,False,1
2023-12-25,64.0,7216.53,112.76,False,True,False,False,winter,8.8,0.0,False,2,Mercatini di Natale Como,market,116.01,221.71,True,1
2023-12-26,44.0,5749.2,130.66,False,True,False,False,winter,7.8,0.0,False,2,Mercatini di Natale Como,market,117.26,224.1,True,1
2023-12-27,42.0,1236.76,29.45,False,False,False,False,winter,7.0,0.0,False,0,,,133.92,255.93,False,0
2023-12-28,49.0,2963.35,60.48,False,False,False,False,winter,8.1,0.0,False,0,,,101.22,193.44,False,0
2023-12-29,67.0,1679.29,25.06,False,False,False,False,winter,8.6,0.0,False,0,,,121.6,232.39,False,0
2023-12-30,45.0,3275.08,72.78,True,False,False,False,winter,7.7,0.0,False,2,Ponte Capodanno,tourism_peak,111.06,212.25,False,0
2023-12-31,50.0,7164.62,143.29,True,False,False,False,winter,7.2,11.1,True,2,Ponte Capodanno,tourism_peak,112.14,214.3,False,0
2024-01-01,38.0,1537.68,40.47,False,True,False,False,winter,7.2,0.0,False,2,Ponte Capodanno,tourism_peak,105.71,202.03,True,0
2024-01-02,58.0,1338.12,23.07,False,False,False,False,winter,5.8,0.0,False,2,Ponte Capodanno,tourism_peak,107.3,205.06,True,0
2024-01-03,51.0,1353.7,26.54,False,False,False,False,winter,6.8,0.0,False,0,,,94.01,179.65,False,0
2024-01-04,65.0,1315.27,20.23,False,False,False,False,winter,8.4,0.1,False,0,,,91.17,174.24,False,0
2024-01-05,46.0,1233.14,26.81,False,False,False,False,winter,5.5,28.0,True,0,,,104.05,198.86,False,0
2024-01-06,62.0,1056.46,17.04,True,True,False,False,winter,8.0,9.8,False,0,,,100.74,192.52,True,0
2024-01-07,47.0,1395.52,29.69,True,False,False,False,winter,8.2,0.2,False,0,,,97.11,185.59,False,0
2024-01-08,71.0,1101.73,15.52,False,False,False,False,winter,7.4,0.0,False,0,,,108.11,206.61,False,0
2024-01-09,53.0,1082.37,20.42,False,False,False,False,winter,5.4,1.6,False,0,,,108.68,207.7,False,0
2024-01-10,49.0,935.27,19.09,False,False,False,False,winter,3.0,0.2,True,0,,,113.26,216.45,False,0
2024-01-11,54.0,852.99,15.8,False,False,False,False,winter,4.1,0.0,True,0,,,108.34,207.04,False,0
2024-01-12,42.0,622.99,14.83,False,False,False,False,winter,4.8,0.0,True,0,,,110.11,210.43,False,0
2024-01-13,49.0,1707.85,34.85,True,False,False,False,winter,2.8,0.0,True,1,Como 1907 vs Spezia (Serie B),sports,99.79,190.71,False,0
2024-01-14,61.0,1082.73,17.75,True,False,False,False,winter,3.4,0.0,True,0,,,104.19,199.11,False,0
2024-01-15,51.0,917.84,18.0,False,False,False,False,winter,4.4,0.0,True,0,,,100.96,192.94,False,0
2024-01-16,46.0,690.97,15.02,False,False,False,False,winter,4.6,0.0,True,0,,,107.47,205.39,False,0
2024-01-17,52.0,703.55,13.53,False,False,False,False,winter,2.8,3.3,True,0,,,101.78,194.5,False,0
2024-01-18,43.0,454.43,10.57,False,False,False,False,winter,5.8,6.0,False,0,,,97.41,186.16,False,0
2024-01-19,43.0,1024.37,23.82,False,False,False,False,winter,5.1,6.3,False,0,,,92.59,176.94,False,0
2024-01-20,65.0,1791.62,27.56,True,False,False,False,winter,2.4,0.0,True,0,,,89.57,171.18,False,0
2024-01-21,60.0,1468.65,24.48,True,False,False,False,winter,3.1,0.0,True,0,,,83.37,159.32,False,0
2024-01-22,41.0,1050.66,25.63,False,False,False,False,winter,3.0,0.0,True,0,,,102.12,195.15,False,0
2024-01-23,46.0,1001.13,21.76,False,False,False,False,winter,6.8,0.0,False,0,,,90.41,172.79,False,0
2024-01-24,33.0,445.07,13.49,False,False,False,False,winter,7.6,0.0,False,0,,,96.38,184.19,False,0
2024-01-25,42.0,781.87,18.62,False,False,False,False,winter,10.2,0.0,False,0,,,94.81,181.18,False,0
2024-01-26,38.0,487.35,12.82,False,False,False,False,winter,7.3,0.0,False,0,,,101.6,194.18,False,0
2024-01-27,49.0,985.07,20.1,True,False,False,False,winter,11.2,0.0,False,1,Como 1907 vs Ascoli (Serie B),sports,92.05,175.92,False,0
2024-01-28,52.0,1764.2,33.93,True,False,False,False,winter,6.5,0.0,False,0,,,76.64,146.47,False,0
2024-01-29,50.0,1171.49,23.43,False,False,False,False,winter,5.9,0.0,False,0,,,95.13,181.81,False,0
2024-01-30,56.0,616.12,11.0,False,False,False,False,winter,5.6,0.0,False,0,,,98.94,189.08,False,0
2024-01-31,32.0,341.73,10.68,False,False,False,False,winter,6.2,0.0,False,0,,,100.08,191.26,False,0
2024-02-01,54.0,844.67,15.64,False,False,False,False,winter,7.0,0.0,False,0,,,99.73,190.6,False,0
2024-02-02,41.0,710.33,17.33,False,False,False,False,winter,9.8,0.0,False,0,,,104.81,200.31,False,0
2024-02-03,59.0,2274.86,38.56,True,False,False,False,winter,11.6,0.0,False,0,,,89.25,170.57,False,0
2024-02-04,55.0,1859.57,33.81,True,False,False,False,winter,10.9,0.0,False,0,,,81.8,156.33,False,0
2024-02-05,32.0,960.37,30.01,False,False,False,False,winter,9.8,0.0,False,0,,,94.57,180.73,False,0
2024-02-06,52.0,750.49,14.43,False,False,False,False,winter,8.4,0.0,False,0,,,95.92,183.32,False,0
2024-02-07,38.0,1079.5,28.41,False,False,False,False,winter,9.9,0.0,False,0,,,106.88,204.25,False,0
2024-02-08,43.0,1261.08,29.33,False,False,False,False,winter,8.8,0.8,False,0,,,93.92,179.5,False,0
2024-02-09,40.0,920.99,23.02,False,False,False,False,winter,9.3,39.1,True,1,Como 1907 vs Brescia (Serie B),sports,91.73,175.3,False,0
2024-02-10,39.0,991.78,25.43,True,False,False,False,winter,8.9,40.2,True,0,,,82.87,158.37,False,0
2024-02-11,67.0,2962.5,44.22,True,False,False,False,winter,8.9,6.9,False,0,,,68.73,131.36,False,0
2024-02-12,45.0,721.45,16.03,False,False,False,False,winter,8.5,0.0,False,0,,,93.07,177.86,False,0
2024-02-13,54.0,746.17,13.82,False,False,False,False,winter,10.0,0.0,False,0,,,89.15,170.38,False,0
2024-02-14,49.0,513.99,10.49,False,False,False,False,winter,9.2,0.0,False,0,,,86.09,164.53,False,0
2024-02-15,53.0,1049.33,19.8,False,False,False,False,winter,8.8,0.0,False,0,,,91.84,175.52,False,0
2024-02-16,67.0,1433.9,21.4,False,False,False,False,winter,8.8,0.0,False,0,,,90.2,172.38,False,0
2024-02-17,50.0,2166.23,43.32,True,False,False,False,winter,10.4,0.3,False,0,,,87.17,166.59,False,0
2024-02-18,66.0,1746.62,26.46,True,False,False,False,winter,10.6,0.0,False,0,,,83.75,160.06,False,0
2024-02-19,50.0,825.61,16.51,False,False,False,False,winter,11.2,0.0,False,0,,,90.58,173.1,False,0
2024-02-20,67.0,1142.88,17.06,False,False,False,False,winter,11.0,0.3,False,3,Milano Fashion Week Feb 2024,fair,84.51,161.51,False,1
2024-02-21,55.0,593.98,10.8,False,False,False,False,winter,9.7,0.0,False,3,Milano Fashion Week Feb 2024,fair,83.42,159.43,False,1
2024-02-22,44.0,976.2,22.19,False,False,False,False,winter,9.1,14.4,True,3,Milano Fashion Week Feb 2024,fair,90.26,172.49,False,1
2024-02-23,37.0,849.56,22.96,False,False,False,False,winter,5.6,31.6,True,3,Milano Fashion Week Feb 2024,fair,78.7,150.41,False,1
2024-02-24,52.0,1163.81,22.38,True,False,False,False,winter,5.0,17.6,True,3,Milano Fashion Week Feb 2024,fair,74.48,142.34,False,1
2024-02-25,62.0,1995.94,32.19,True,False,False,False,winter,5.4,7.3,False,3,Milano Fashion Week Feb 2024,fair,72.24,138.06,False,1
2024-02-26,52.0,1784.2,34.31,False,False,False,False,winter,5.2,27.4,True,3,Milano Fashion Week Feb 2024,fair,81.19,155.16,False,1
2024-02-27,63.0,1390.61,22.07,False,False,False,False,winter,6.4,33.2,True,0,,,84.59,161.66,False,0
2024-02-28,42.0,1242.18,29.58,False,False,False,False,winter,12.1,2.6,False,0,,,84.53,161.55,False,0
2024-02-29,51.0,960.94,18.84,False,False,False,False,winter,10.3,0.3,False,0,,,85.16,162.75,False,0
2024-03-01,79.0,1373.53,17.39,False,False,False,False,spring,9.2,23.9,True,0,,,94.7,180.98,False,0
2024-03-02,52.0,1652.84,31.79,True,False,False,False,spring,9.0,17.9,True,0,,,84.47,161.42,False,0
2024-03-03,53.0,2489.83,46.98,True,False,False,False,spring,10.0,8.9,False,1,Como 1907 vs Venezia (Serie B),sports,74.13,141.66,False,0
2024-03-04,54.0,1569.66,29.07,False,False,False,False,spring,10.9,4.2,False,0,,,89.13,170.34,False,0
2024-03-05,53.0,1424.29,26.87,False,False,False,False,spring,9.2,13.0,True,0,,,88.4,168.94,False,0
2024-03-06,58.0,1223.55,21.1,False,False,False,False,spring,7.4,28.6,True,0,,,92.52,176.82,False,0
2024-03-07,50.0,1279.74,25.59,False,False,False,False,spring,8.1,0.0,False,0,,,95.63,182.75,False,0
2024-03-08,63.0,1085.66,17.23,False,False,False,False,spring,7.0,6.2,False,0,,,99.14,189.48,False,0
2024-03-09,56.0,2192.02,39.14,True,False,False,False,spring,7.4,12.0,True,0,,,91.44,174.76,False,0
2024-03-10,51.0,1703.08,33.39,True,False,False,False,spring,7.0,42.5,True,0,,,77.28,147.68,False,0
2024-03-11,52.0,998.18,19.2,False,False,False,False,spring,9.5,3.2,False,0,,,95.96,183.39,False,0
2024-03-12,39.0,1276.22,32.72,False,False,False,False,spring,11.0,0.0,False,0,,,87.4,167.03,False,0
2024-03-13,53.0,1469.68,27.73,False,False,False,False,spring,12.5,0.0,False,0,,,91.46,174.78,False,0
2024-03-14,61.0,797.8,13.08,False,False,False,False,spring,11.1,0.0,False,0,,,95.6,182.7,False,0
2024-03-15,42.0,1654.23,39.39,False,False,False,False,spring,10.5,0.1,False,0,,,89.77,171.56,False,0
2024-03-16,56.0,1299.16,23.2,True,False,False,False,spring,12.6,0.1,False,1,Como 1907 vs Pisa (Serie B),sports,81.04,154.88,False,0
2024-03-17,48.0,2253.76,46.95,True,False,False,False,spring,12.2,0.0,False,0,,,76.37,145.96,False,0
2024-03-18,57.0,977.35,17.15,False,False,False,False,spring,12.5,0.1,False,0,,,92.46,176.7,False,0
2024-03-19,52.0,1238.73,23.82,False,False,False,False,spring,11.6,0.0,False,0,,,93.66,178.99,True,0
2024-03-20,57.0,1299.16,22.79,False,False,False,False,spring,12.6,0.6,False,0,,,100.3,191.67,False,0
2024-03-21,42.0,1131.89,26.95,False,False,False,False,spring,13.9,0.0,False,0,,,95.75,183.0,False,0
2024-03-22,53.0,1448.91,27.34,False,False,False,False,spring,13.5,0.0,False,0,,,94.45,180.49,False,0
2024-03-23,45.0,2539.52,56.43,True,False,False,False,spring,12.2,1.9,False,0,,,80.83,154.47,False,0
2024-03-24,58.0,3230.68,55.7,True,False,False,False,spring,11.0,0.2,False,1,Sister Act (musical) — Teatro Sociale,concert,55.66,106.37,False,0
2024-03-25,49.0,1145.12,23.37,False,False,False,False,spring,10.0,0.0,False,0,,,98.84,188.9,False,0
2024-03-26,39.0,479.27,12.29,False,False,False,False,spring,8.8,3.0,False,0,,,98.79,188.79,False,0
2024-03-27,59.0,1393.66,23.62,False,False,False,False,spring,8.0,34.4,True,0,,,96.65,184.7,False,0
2024-03-28,41.0,1565.37,38.18,False,False,False,False,spring,6.8,4.2,False,0,,,88.95,170.0,False,0
2024-03-29,60.0,1030.85,17.18,False,False,False,False,spring,10.1,10.8,True,0,,,91.33,174.54,True,0
2024-03-30,44.0,1205.28,27.39,True,False,False,False,spring,13.2,28.8,True,2,Pasqua e Pasquetta,tourism_peak,76.77,146.72,False,0
2024-03-31,70.0,2570.86,36.73,True,True,False,False,spring,11.0,34.4,True,2,Pasqua e Pasquetta,tourism_peak,85.72,163.83,False,0
2024-04-01,36.0,1306.93,36.3,False,True,False,False,spring,10.4,48.9,True,2,Pasqua e Pasquetta,tourism_peak,68.08,130.1,True,0
2024-04-02,58.0,1597.07,27.54,False,False,False,False,spring,12.0,0.0,False,0,,,76.54,146.28,False,0
2024-04-03,63.0,1639.59,26.03,False,False,False,False,spring,10.4,5.2,False,0,,,95.97,183.41,False,0
2024-04-04,66.0,1486.02,22.52,False,False,False,False,spring,11.6,0.0,False,0,,,77.91,148.89,False,0
2024-04-05,50.0,1202.37,24.05,False,False,False,False,spring,11.7,0.0,False,0,,,78.84,150.68,False,0
2024-04-06,52.0,1937.94,37.27,True,False,False,False,spring,13.9,0.0,False,0,,,72.41,138.39,False,0
2024-04-07,56.0,2148.59,38.37,True,False,False,False,spring,15.8,0.0,False,0,,,60.67,115.95,False,0
2024-04-08,62.0,1541.71,24.87,False,False,False,False,spring,16.4,0.0,False,0,,,78.08,149.21,False,0
2024-04-09,34.0,1313.67,38.64,False,False,False,False,spring,13.7,8.1,False,0,,,79.2,151.36,False,0
2024-04-10,51.0,1607.88,31.53,False,False,False,False,spring,11.2,18.4,True,1,Grease (musical) — Teatro Sociale,concert,86.89,166.05,False,0
2024-04-11,53.0,473.9,8.94,False,False,False,False,spring,14.9,0.0,False,1,Grease (musical) — Teatro Sociale,concert,78.92,150.82,False,0
2024-04-12,47.0,1965.66,41.82,False,False,False,False,spring,17.2,0.0,False,0,,,75.14,143.59,False,0
2024-04-13,61.0,3874.8,63.52,True,False,False,False,spring,18.2,0.0,False,1,Como 1907 vs Bari (Serie B),sports,68.61,131.12,False,0
2024-04-14,54.0,1872.36,34.67,True,False,False,False,spring,18.8,0.0,False,0,,,74.86,143.07,False,0
2024-04-15,57.0,2899.57,50.87,False,False,False,False,spring,17.3,0.0,False,0,,,92.88,177.5,False,0
2024-04-16,43.0,1214.44,28.24,False,False,False,False,spring,13.2,0.0,False,3,Salone del Mobile 2024,fair,76.11,145.46,False,1
2024-04-17,57.0,1710.66,30.01,False,False,False,False,spring,11.1,0.0,False,3,Salone del Mobile 2024,fair,104.51,199.73,False,1
2024-04-18,54.0,1188.32,22.01,False,False,False,False,spring,9.8,0.4,False,3,Salone del Mobile 2024,fair,108.31,206.99,False,1
2024-04-19,53.0,1299.13,24.51,False,False,False,False,spring,11.0,0.0,False,3,Salone del Mobile 2024,fair,90.67,173.29,False,1
2024-04-20,59.0,3401.89,57.66,True,False,False,False,spring,11.4,0.0,False,3,Salone del Mobile 2024,fair,89.01,170.1,False,1
2024-04-21,55.0,3025.78,55.01,True,False,False,False,spring,9.8,0.1,False,3,Salone del Mobile 2024,fair,79.67,152.26,False,1
2024-04-22,58.0,1925.06,33.19,False,False,False,False,spring,6.7,8.3,False,0,,,111.01,212.15,False,0
2024-04-23,59.0,1236.15,20.95,False,False,False,False,spring,8.4,4.6,False,0,,,105.33,201.3,False,0
2024-04-24,46.0,2023.25,43.98,False,False,False,False,spring,9.4,0.3,False,0,,,100.23,191.55,False,0
2024-04-25,48.0,1691.44,35.24,False,True,False,False,spring,9.2,0.2,False,0,,,98.19,187.66,False,0
2024-04-26,55.0,1479.33,26.9,False,False,True,False,spring,9.4,2.2,False,0,,,119.36,228.1,False,0
2024-04-27,61.0,1706.7,27.98,True,False,False,False,spring,11.0,10.9,True,0,,,98.5,188.25,False,0
2024-04-28,62.0,3999.52,64.51,True,False,False,False,spring,12.8,10.9,True,0,,,85.45,163.3,False,0
2024-04-29,48.0,1670.76,34.81,False,False,False,False,spring,15.8,0.0,False,0,,,88.02,168.21,False,0
2024-04-30,43.0,2079.45,48.36,False,False,False,False,spring,16.8,0.0,False,0,,,84.72,161.9,False,0
2024-05-01,55.0,1848.65,33.61,False,True,False,False,spring,15.8,10.8,True,1,Como 1907 vs Cittadella (Serie B),sports,89.31,170.69,True,0
2024-05-02,45.0,1251.06,27.8,False,False,False,False,spring,13.0,42.7,True,0,,,92.33,176.44,False,0
2024-05-03,60.0,2135.49,35.59,False,False,False,False,spring,14.8,12.4,True,0,,,80.15,153.18,False,0
2024-05-04,57.0,3336.44,58.53,True,False,False,False,spring,14.0,0.8,False,0,,,78.41,149.84,False,0
2024-05-05,59.0,1978.6,33.54,True,False,False,False,spring,15.2,0.4,False,0,,,66.89,127.84,False,0
2024-05-06,46.0,2255.93,49.04,False,False,False,False,spring,14.2,0.6,False,0,,,103.17,197.17,False,0
2024-05-07,40.0,1196.89,29.92,False,False,False,False,spring,14.6,11.7,True,0,,,108.62,207.58,False,0
2024-05-08,57.0,2113.44,37.08,False,False,False,False,spring,14.6,6.0,False,0,,,100.01,191.12,False,0
2024-05-09,60.0,1214.2,20.24,False,False,False,False,spring,17.0,1.1,False,0,,,91.56,174.98,True,0
2024-05-10,52.0,1336.79,25.71,False,False,False,False,spring,17.5,0.8,False,1,Como 1907 vs Cosenza (Serie B),sports,82.13,156.95,False,0
2024-05-11,57.0,1509.89,26.49,True,False,False,False,spring,18.2,0.1,False,0,,,79.57,152.06,False,0
2024-05-12,48.0,3220.01,67.08,True,False,False,False,spring,19.2,0.5,False,0,,,70.98,135.65,False,0
2024-05-13,46.0,1549.19,33.68,False,False,False,False,spring,17.1,5.3,False,0,,,93.87,179.4,False,0
2024-05-14,58.0,2060.81,35.53,False,False,False,False,spring,15.8,15.4,True,0,,,102.96,196.77,False,0
2024-05-15,52.0,1815.35,34.91,False,False,False,False,spring,14.2,104.8,True,0,,,102.25,195.41,False,0
2024-05-16,50.0,1506.9,30.14,False,False,False,False,spring,13.8,36.9,True,0,,,98.81,188.84,False,0
2024-05-17,56.0,1475.45,26.35,False,False,False,False,spring,13.7,0.5,False,0,,,94.18,179.98,False,0
2024-05-18,57.0,3760.3,65.97,True,False,False,False,spring,15.6,1.7,False,0,,,92.56,176.89,False,0
2024-05-19,50.0,2040.15,40.8,True,False,False,False,spring,17.2,0.2,False,0,,,88.21,168.58,False,0
2024-05-20,54.0,2878.32,53.3,False,False,False,False,spring,17.1,7.5,False,0,,,99.54,190.23,True,0
2024-05-21,52.0,2320.44,44.62,False,False,False,False,spring,17.8,14.6,True,0,,,94.16,179.95,False,0
2024-05-22,61.0,2562.08,42.0,False,False,False,False,spring,16.8,6.3,False,0,,,94.4,180.41,False,0
2024-05-23,59.0,1386.94,23.51,False,False,False,False,spring,15.3,13.1,True,0,,,102.38,195.65,False,0
2024-05-24,51.0,1797.1,35.24,False,False,False,False,spring,14.6,1.3,False,3,Concorso d'Eleganza Villa d'Este,festival,108.38,207.13,False,0
2024-05-25,63.0,2052.8,32.58,True,False,False,False,spring,15.6,5.2,False,3,Concorso d'Eleganza Villa d'Este,festival,102.48,195.84,False,0
2024-05-26,51.0,2320.93,45.51,True,False,False,False,spring,17.5,0.0,False,3,Concorso d'Eleganza Villa d'Este,festival,71.95,137.5,False,0
2024-05-27,41.0,458.21,11.18,False,False,False,False,spring,18.8,2.5,False,0,,,109.28,208.84,False,0
2024-05-28,53.0,1867.15,35.23,False,False,False,False,spring,18.5,2.0,False,0,,,117.9,225.32,False,0
2024-05-29,70.0,2754.6,39.35,False,False,False,False,spring,18.4,8.1,False,0,,,114.5,218.83,False,0
2024-05-30,46.0,797.31,17.33,False,False,False,False,spring,17.2,25.8,True,0,,,113.63,217.17,True,0
2024-05-31,64.0,1665.76,26.03,False,False,False,False,spring,15.4,9.8,False,0,,,96.81,185.01,False,0
2024-06-01,48.0,5263.38,109.65,True,False,False,True,summer,17.7,0.0,False,0,,,84.31,161.13,False,0
2024-06-02,64.0,2119.42,33.12,True,True,False,True,summer,18.0,3.0,False,0,,,81.74,156.21,False,0
2024-06-03,47.0,2284.05,48.6,False,False,False,True,summer,18.2,2.0,False,0,,,111.88,213.81,False,0
2024-06-04,54.0,1732.68,32.09,False,False,False,True,summer,17.6,3.7,False,0,,,117.19,223.97,False,0
2024-06-05,58.0,1626.29,28.04,False,False,False,True,summer,18.7,0.1,False,0,,,111.3,212.71,False,0
2024-06-06,54.0,2415.87,44.74,False,False,False,True,summer,19.4,0.2,False,0,,,106.13,202.83,False,0
2024-06-07,62.0,1843.81,29.74,False,False,False,True,summer,20.4,0.0,False,0,,,105.24,201.12,False,0
2024-06-08,61.0,2988.75,49.0,True,False,False,True,summer,21.2,1.0,False,0,,,110.11,210.44,False,0
2024-06-09,50.0,2541.72,50.83,True,False,False,True,summer,21.8,6.3,False,0,,,92.27,176.35,False,0
2024-06-10,52.0,1809.14,34.79,False,False,False,True,summer,20.1,3.4,False,0,,,91.05,174.01,False,0
2024-06-11,50.0,1713.91,34.28,False,False,False,True,summer,18.3,12.9,True,0,,,103.76,198.3,False,0
2024-06-12,60.0,2172.44,36.21,False,False,False,True,summer,18.1,12.6,True,0,,,109.59,209.44,False,0
2024-06-13,55.0,1732.62,31.5,False,False,False,True,summer,16.8,7.3,False,0,,,103.86,198.49,False,0
2024-06-14,43.0,1189.21,27.66,False,False,False,True,summer,17.6,2.1,False,0,,,106.54,203.62,False,0
2024-06-15,61.0,3395.88,55.67,True,False,False,True,summer,18.2,21.4,True,0,,,98.75,188.73,False,0
2024-06-16,50.0,3536.34,70.73,True,False,False,True,summer,19.5,4.7,False,0,,,79.43,151.79,False,0
2024-06-17,48.0,2015.28,41.98,False,False,False,True,summer,20.0,0.0,False,0,,,115.11,219.99,False,0
2024-06-18,55.0,1474.47,26.81,False,False,False,True,summer,22.2,0.0,False,0,,,109.28,208.84,False,0
2024-06-19,57.0,1369.28,24.02,False,False,False,True,summer,23.4,0.0,False,0,,,111.19,212.49,False,0
2024-06-20,59.0,1609.28,27.28,False,False,False,True,summer,23.8,4.3,False,0,,,116.38,222.42,False,0
2024-06-21,52.0,3047.62,58.61,False,False,False,True,summer,21.8,15.9,True,0,,,115.73,221.16,False,0
2024-06-22,58.0,2888.74,49.81,True,False,False,True,summer,21.8,0.0,False,0,,,98.63,188.5,False,0
2024-06-23,49.0,1591.01,32.47,True,False,False,True,summer,17.9,17.7,True,0,,,102.3,195.5,False,0
2024-06-24,64.0,1664.99,26.02,False,False,False,True,summer,20.2,0.3,False,0,,,107.03,204.55,False,0
2024-06-25,75.0,1692.19,22.56,False,False,False,True,summer,21.4,10.2,True,0,,,114.01,217.89,False,0
2024-06-26,66.0,2676.18,40.55,False,False,False,True,summer,20.5,1.2,False,0,,,111.29,212.68,False,0
2024-06-27,64.0,2315.25,36.18,False,False,False,True,summer,22.8,0.0,False,0,,,103.92,198.6,False,0
2024-06-28,53.0,1596.44,30.12,False,False,False,True,summer,24.4,0.0,False,0,,,109.52,209.3,False,0
2024-06-29,55.0,2089.8,38.0,True,False,False,True,summer,23.5,29.7,True,0,,,93.41,178.52,True,0
2024-06-30,46.0,1204.02,26.17,True,False,False,True,summer,22.2,53.1,True,0,,,74.12,141.65,False,0
2024-07-01,54.0,3149.04,58.32,False,False,False,True,summer,22.4,2.9,False,0,,,113.22,216.38,False,0
2024-07-02,63.0,2180.53,34.61,False,False,False,True,summer,21.2,0.6,False,0,,,104.09,198.93,False,0
2024-07-03,49.0,1870.02,38.16,False,False,False,True,summer,18.6,6.7,False,0,,,107.78,205.98,False,0
2024-07-04,57.0,2217.08,38.9,False,False,False,True,summer,19.2,0.0,False,0,,,108.64,207.62,False,0
2024-07-05,47.0,1967.89,41.87,False,False,False,True,summer,21.4,0.0,False,0,,,102.89,196.63,False,0
2024-07-06,60.0,3517.02,58.62,True,False,False,True,summer,22.0,11.6,True,0,,,99.25,189.67,False,0
2024-07-07,65.0,3159.27,48.6,True,False,False,True,summer,21.2,27.2,True,0,,,102.61,196.09,False,0
2024-07-08,49.0,2910.76,59.4,False,False,False,True,summer,22.4,2.5,False,0,,,107.35,205.15,False,0
2024-07-09,55.0,1847.63,33.59,False,False,False,True,summer,24.6,0.0,False,0,,,114.65,219.11,False,0
2024-07-10,54.0,2498.97,46.28,False,False,False,True,summer,25.6,0.0,False,0,,,115.75,221.22,False,0
2024-07-11,58.0,3124.29,53.87,False,False,False,True,summer,25.6,0.5,False,0,,,118.59,226.64,False,0
2024-07-12,56.0,2163.55,38.63,False,False,False,True,summer,23.0,60.3,True,0,,,112.91,215.78,False,0
2024-07-13,53.0,2377.04,44.85,True,False,False,True,summer,22.1,1.7,False,0,,,109.54,209.33,False,0
2024-07-14,48.0,3130.35,65.22,True,False,False,True,summer,23.3,0.0,False,0,,,111.02,212.18,False,0
2024-07-15,73.0,1813.05,24.84,False,False,False,True,summer,24.6,0.0,False,0,,,116.31,222.28,False,0
2024-07-16,56.0,2266.12,40.47,False,False,False,True,summer,25.1,0.0,False,0,,,118.33,226.13,False,0
2024-07-17,51.0,1836.47,36.01,False,False,False,True,summer,25.3,1.4,False,0,,,124.31,237.57,False,0
2024-07-18,56.0,3161.95,56.46,False,False,False,True,summer,26.1,0.6,False,0,,,121.93,233.03,False,0
2024-07-19,41.0,2360.53,57.57,False,False,False,True,summer,26.4,0.5,False,0,,,118.14,225.78,False,0
2024-07-20,54.0,3303.52,61.18,True,False,False,True,summer,25.2,0.3,False,0,,,110.77,211.69,False,0
2024-07-21,60.0,4824.36,80.41,True,False,False,True,summer,24.2,3.8,False,0,,,97.1,185.57,False,0
2024-07-22,53.0,2709.05,51.11,False,False,False,True,summer,26.4,0.0,False,0,,,115.84,221.38,False,0
2024-07-23,50.0,683.19,13.66,False,False,False,True,summer,25.2,0.2,False,0,,,114.02,217.89,False,0
2024-07-24,50.0,2132.5,42.65,False,False,False,True,summer,25.4,0.0,False,0,,,109.76,209.76,False,0
2024-07-25,59.0,1396.36,23.67,False,False,False,True,summer,24.4,11.4,True,0,,,115.98,221.65,False,0
2024-07-26,55.0,2759.82,50.18,False,False,False,True,summer,25.4,0.4,False,0,,,119.71,228.78,False,0
2024-07-27,60.0,3117.13,51.95,True,False,False,True,summer,25.9,1.8,False,0,,,106.38,203.3,False,0
2024-07-28,54.0,2178.66,40.35,True,False,False,True,summer,27.4,0.0,False,0,,,110.74,211.64,False,0
2024-07-29,60.0,2386.64,39.78,False,False,False,True,summer,26.0,5.0,False,0,,,125.89,240.6,False,0
2024-07-30,53.0,1106.04,20.87,False,False,False,True,summer,26.6,0.0,False,0,,,108.29,206.95,False,0
2024-07-31,46.0,2646.88,57.54,False,False,False,True,summer,27.2,0.0,False,0,,,120.12,229.57,False,0
2024-08-01,57.0,1055.63,18.52,False,False,False,True,summer,26.4,0.0,False,0,,,124.29,237.53,True,0
2024-08-02,60.0,2485.7,41.43,False,False,False,True,summer,26.0,1.6,False,0,,,120.7,230.67,False,0
2024-08-03,49.0,2984.28,60.9,True,False,False,True,summer,26.8,0.2,False,0,,,116.62,222.88,False,0
2024-08-04,54.0,3133.51,58.03,True,False,False,True,summer,25.2,0.0,False,0,,,124.99,238.86,False,0
2024-08-05,59.0,3675.58,62.3,False,False,False,True,summer,25.7,0.0,False,0,,,122.62,234.35,False,0
2024-08-06,59.0,1672.15,28.34,False,False,False,True,summer,25.5,1.3,False,0,,,128.84,246.23,False,0
2024-08-07,55.0,1878.23,34.15,False,False,False,True,summer,25.2,2.0,False,0,,,128.0,244.61,False,0
2024-08-08,53.0,2627.62,49.58,False,False,False,True,summer,24.4,0.0,False,0,,,133.75,255.6,False,0
2024-08-09,66.0,2514.52,38.1,False,False,False,True,summer,25.9,0.0,False,0,,,126.84,242.4,False,0
2024-08-10,63.0,3653.0,57.98,True,False,False,True,summer,27.1,0.0,False,3,Ferragosto — Tourism Peak,tourism_peak,129.77,248.0,False,0
2024-08-11,49.0,1977.59,40.36,True,False,False,True,summer,28.0,0.0,False,3,Ferragosto — Tourism Peak,tourism_peak,131.06,250.46,False,0
2024-08-12,50.0,3152.12,63.04,False,False,False,True,summer,27.8,0.1,False,3,Ferragosto — Tourism Peak,tourism_peak,136.28,260.45,False,0
2024-08-13,58.0,3213.18,55.4,False,False,False,True,summer,26.8,0.6,False,3,Ferragosto — Tourism Peak,tourism_peak,134.44,256.93,False,0
2024-08-14,65.0,2892.26,44.5,False,False,False,True,summer,27.1,2.7,False,3,Ferragosto — Tourism Peak,tourism_peak,132.75,253.69,False,0
2024-08-15,43.0,6206.18,144.33,False,True,False,True,summer,25.8,0.0,False,3,Ferragosto — Tourism Peak,tourism_peak,132.3,252.83,True,0
2024-08-16,49.0,2671.03,54.51,False,False,True,True,summer,26.3,0.0,False,3,Ferragosto — Tourism Peak,tourism_peak,128.53,245.63,False,0
2024-08-17,48.0,3719.71,77.49,True,False,False,True,summer,25.8,0.0,False,3,Ferragosto — Tourism Peak,tourism_peak,124.91,238.72,False,0
2024-08-18,43.0,3987.39,92.73,True,False,False,True,summer,22.0,49.2,True,3,Ferragosto — Tourism Peak,tourism_peak,122.28,233.68,False,0
2024-08-19,50.0,2155.14,43.1,False,False,False,True,summer,24.3,0.0,False,0,,,120.8,230.86,False,0
2024-08-20,47.0,2497.2,53.13,False,False,False,True,summer,24.8,0.0,False,0,,,118.38,226.25,False,0
2024-08-21,69.0,3271.15,47.41,False,False,False,True,summer,26.7,0.0,False,0,,,126.2,241.18,False,0
2024-08-22,61.0,2992.52,49.06,False,False,False,True,summer,25.1,2.5,False,0,,,118.79,227.02,False,0
2024-08-23,50.0,2103.67,42.07,False,False,False,True,summer,25.7,0.4,False,0,,,129.54,247.56,False,0
2024-08-24,49.0,2137.62,43.62,True,False,False,True,summer,26.0,3.1,False,0,,,122.61,234.32,False,0
2024-08-25,60.0,2882.74,48.05,True,False,False,True,summer,25.3,0.6,False,0,,,126.84,242.41,False,0
2024-08-26,59.0,2757.2,46.73,False,False,False,True,summer,24.4,8.6,False,0,,,133.22,254.6,False,0
2024-08-27,43.0,3090.96,71.88,False,False,False,True,summer,24.8,0.4,False,0,,,142.09,271.54,False,0
2024-08-28,52.0,1440.03,27.69,False,False,False,True,summer,24.4,0.0,False,0,,,143.15,273.58,False,0
2024-08-29,38.0,1783.88,46.94,False,False,False,True,summer,26.8,0.0,False,0,,,140.68,268.84,False,0
2024-08-30,80.0,1737.35,21.72,False,False,False,True,summer,26.8,0.0,False,3,GP Italia F1,sports,136.07,260.05,False,1
2024-08-31,58.0,4698.64,81.01,True,True,False,True,summer,26.7,0.1,False,3,GP Italia F1,sports,124.15,237.26,False,1
2024-09-01,60.0,2309.55,38.49,True,False,False,True,autumn,25.2,9.4,False,3,GP Italia F1,sports,121.12,231.47,False,1
2024-09-02,62.0,2918.71,47.08,False,False,False,True,autumn,24.5,0.9,False,0,,,163.08,311.66,False,0
2024-09-03,46.0,1266.56,27.53,False,False,False,True,autumn,24.2,0.8,False,0,,,150.23,287.1,False,0
2024-09-04,55.0,2299.52,41.81,False,False,False,True,autumn,23.6,15.1,True,0,,,151.07,288.71,False,0
2024-09-05,59.0,1282.81,21.74,False,False,False,True,autumn,20.0,26.3,True,0,,,140.11,267.77,False,0
2024-09-06,67.0,1786.95,26.67,False,False,False,True,autumn,20.3,5.1,False,0,,,131.66,251.61,False,0
2024-09-07,47.0,1885.38,40.11,True,False,False,True,autumn,21.4,0.3,False,0,,,125.93,240.67,True,0
2024-09-08,65.0,3916.64,60.26,True,False,False,True,autumn,20.1,47.1,True,0,,,116.07,221.82,True,0
2024-09-09,53.0,2013.22,37.99,False,False,False,True,autumn,23.0,6.5,False,0,,,120.96,231.18,False,0
2024-09-10,46.0,2061.07,44.81,False,False,False,True,autumn,21.4,0.0,False,0,,,106.99,204.47,False,0
2024-09-11,67.0,2031.04,30.31,False,False,False,True,autumn,19.4,3.6,False,0,,,122.5,234.11,False,0
2024-09-12,59.0,2188.86,37.1,False,False,False,True,autumn,17.9,16.7,True,0,,,112.78,215.53,False,0
2024-09-13,65.0,1951.39,30.02,False,False,False,True,autumn,16.1,0.0,False,0,,,101.67,194.3,False,0
2024-09-14,50.0,2423.42,48.47,True,False,False,True,autumn,16.4,0.0,False,2,Como 1907 vs Bologna (Serie A),sports,98.91,189.02,False,0
2024-09-15,62.0,3563.21,57.47,True,False,False,True,autumn,18.8,0.0,False,0,,,91.59,175.04,False,0
2024-09-16,57.0,2257.84,39.61,False,False,False,True,autumn,17.4,0.0,False,0,,,115.49,220.71,False,0
2024-09-17,46.0,1359.97,29.56,False,False,False,True,autumn,15.8,0.1,False,3,Milano Fashion Week Sep 2024,fair,114.82,219.44,False,1
2024-09-18,63.0,2908.93,46.17,False,False,False,True,autumn,15.6,2.0,False,3,Milano Fashion Week Sep 2024,fair,112.49,214.98,False,1
2024-09-19,57.0,1951.17,34.23,False,False,False,True,autumn,18.0,0.2,False,3,Milano Fashion Week Sep 2024,fair,109.96,210.15,False,1
2024-09-20,53.0,1300.52,24.54,False,False,False,True,autumn,18.7,0.0,False,3,Milano Fashion Week Sep 2024,fair,119.59,228.56,False,1
2024-09-21,49.0,1466.77,29.93,True,False,False,True,autumn,18.6,0.3,False,3,Milano Fashion Week Sep 2024,fair,105.49,201.6,False,1
2024-09-22,56.0,2806.36,50.11,True,False,False,True,autumn,17.6,0.0,False,3,Milano Fashion Week Sep 2024,fair,103.33,197.48,False,1
2024-09-23,39.0,1183.33,30.34,False,False,False,True,autumn,17.2,13.4,True,3,Milano Fashion Week Sep 2024,fair,141.65,270.71,False,1
2024-09-24,41.0,1738.73,42.41,False,False,False,True,autumn,15.9,6.0,False,0,,,107.01,204.51,False,0
2024-09-25,60.0,1694.77,28.25,False,False,False,True,autumn,15.6,4.8,False,0,,,114.01,217.89,False,0
2024-09-26,52.0,2431.47,46.76,False,False,False,True,autumn,16.6,39.7,True,0,,,109.28,208.85,False,0
2024-09-27,46.0,1872.06,40.7,False,False,False,True,autumn,17.5,4.6,False,0,,,109.07,208.44,False,0
2024-09-28,62.0,3778.58,60.94,True,False,False,True,autumn,17.4,0.2,False,0,,,102.86,196.58,False,0
2024-09-29,60.0,3687.48,61.46,True,False,False,True,autumn,15.6,0.0,False,2,Como 1907 vs Hellas Verona (Serie A),sports,83.14,158.88,False,0
2024-09-30,60.0,1673.86,27.9,False,False,False,True,autumn,16.0,0.3,False,0,,,110.9,211.94,False,0
2024-10-01,49.0,1160.67,23.69,False,False,False,False,autumn,15.3,1.6,False,0,,,125.12,239.11,False,0
2024-10-02,62.0,1129.4,18.22,False,False,False,False,autumn,17.0,10.3,True,0,,,127.63,243.91,False,0
2024-10-03,47.0,1076.43,22.9,False,False,False,False,autumn,14.0,24.0,True,2,Orticolario 2024,fair,115.88,221.46,False,1
2024-10-04,51.0,1765.08,34.61,False,False,False,False,autumn,13.0,4.7,False,2,Orticolario 2024,fair,117.8,225.13,False,1
2024-10-05,54.0,3594.52,66.57,True,False,False,False,autumn,12.8,0.1,False,2,Orticolario 2024,fair,113.98,217.83,False,1
2024-10-06,60.0,1652.97,27.55,True,False,False,False,autumn,13.1,0.0,False,2,Orticolario 2024,fair,118.36,226.2,False,1
2024-10-07,60.0,1279.9,21.33,False,False,False,False,autumn,12.8,4.6,False,0,,,125.24,239.35,False,0
2024-10-08,53.0,1199.0,22.62,False,False,False,False,autumn,14.6,75.7,True,0,,,113.58,217.07,False,0
2024-10-09,63.0,1957.85,31.08,False,False,False,False,autumn,15.5,14.0,True,0,,,112.83,215.63,False,0
2024-10-10,53.0,2073.09,39.11,False,False,False,False,autumn,17.6,52.2,True,0,,,103.29,197.39,False,0
2024-10-11,67.0,1266.74,18.91,False,False,False,False,autumn,16.0,0.8,False,0,,,103.9,198.56,False,0
2024-10-12,68.0,1601.34,23.55,True,False,False,False,autumn,14.6,0.2,False,2,Proposte 2024,fair,95.91,183.3,False,0
2024-10-13,71.0,2665.97,37.55,True,False,False,False,autumn,16.4,0.0,False,2,Proposte 2024,fair,93.97,179.59,False,0
2024-10-14,45.0,654.05,14.53,False,False,False,False,autumn,15.2,0.2,False,2,Proposte 2024,fair,119.19,227.79,False,0
2024-10-15,70.0,2061.97,29.46,False,False,False,False,autumn,16.2,0.0,False,2,Proposte 2024,fair,108.98,208.28,False,0
2024-10-16,62.0,892.54,14.4,False,False,False,False,autumn,15.8,24.6,True,0,,,122.98,235.03,False,0
2024-10-17,50.0,1506.12,30.12,False,False,False,False,autumn,16.0,21.2,True,0,,,118.41,226.3,False,0
2024-10-18,44.0,1476.7,33.56,False,False,False,False,autumn,16.4,29.4,True,0,,,115.67,221.05,False,0
2024-10-19,41.0,2687.29,65.54,True,False,False,False,autumn,15.8,7.8,False,2,Como 1907 vs Parma (Serie A),sports,109.5,209.26,False,0
2024-10-20,71.0,2230.76,31.42,True,False,False,False,autumn,17.8,7.1,False,0,,,118.45,226.38,False,0
2024-10-21,50.0,2196.42,43.93,False,False,False,False,autumn,16.9,0.0,False,0,,,128.87,246.29,False,0
2024-10-22,47.0,1709.77,36.38,False,False,False,False,autumn,17.4,0.2,False,0,,,124.16,237.27,False,0
2024-10-23,54.0,1560.89,28.91,False,False,False,False,autumn,16.7,3.7,False,0,,,123.41,235.86,False,0
2024-10-24,62.0,1681.93,27.13,False,False,False,False,autumn,15.0,5.1,False,0,,,119.63,228.62,False,0
2024-10-25,54.0,1309.39,24.25,False,False,False,False,autumn,15.6,1.2,False,0,,,121.78,232.73,False,0
2024-10-26,60.0,2555.35,42.59,True,False,False,False,autumn,16.4,23.2,True,0,,,114.39,218.62,False,0
2024-10-27,46.0,1925.52,41.86,True,False,False,False,autumn,15.8,5.5,False,0,,,114.06,217.98,False,0
2024-10-28,55.0,948.93,17.25,False,False,False,False,autumn,16.0,0.0,False,0,,,117.95,225.41,False,0
2024-10-29,66.0,1071.99,16.24,False,False,False,False,autumn,16.0,0.0,False,0,,,129.43,247.35,False,0
2024-10-30,60.0,850.19,14.17,False,False,False,False,autumn,16.0,0.0,False,0,,,126.65,242.05,False,0
2024-10-31,51.0,1532.46,30.05,False,False,False,False,autumn,16.1,0.0,False,2,Como 1907 vs Lazio (Serie A),sports,116.44,222.52,False,0
2024-11-01,50.0,1835.4,36.71,False,True,False,False,autumn,15.6,0.0,False,0,,,107.46,205.36,True,0
2024-11-02,70.0,1703.08,24.33,True,False,False,False,autumn,14.9,0.0,False,0,,,114.81,219.42,False,0
2024-11-03,48.0,2411.25,50.23,True,True,False,False,autumn,13.4,0.0,False,0,,,107.7,205.82,False,0
2024-11-04,47.0,1635.19,34.79,False,False,False,False,autumn,13.2,0.0,False,0,,,128.39,245.36,False,0
2024-11-05,42.0,1825.02,43.45,False,False,False,False,autumn,12.4,0.0,False,3,EICMA 2024,fair,124.9,238.69,False,-1
2024-11-06,63.0,925.01,14.68,False,False,False,False,autumn,11.4,0.0,False,3,EICMA 2024,fair,126.54,241.83,False,-1
2024-11-07,57.0,688.44,12.08,False,False,False,False,autumn,11.6,0.0,False,3,EICMA 2024,fair,126.96,242.63,False,-1
2024-11-08,62.0,1772.07,28.58,False,False,False,False,autumn,10.2,0.0,False,3,EICMA 2024,fair,118.51,226.48,False,-1
2024-11-09,57.0,2362.95,41.46,True,False,False,False,autumn,11.3,0.0,False,3,EICMA 2024,fair,119.19,227.78,False,-1
2024-11-10,55.0,2102.47,38.23,True,False,False,False,autumn,11.5,0.0,False,3,EICMA 2024,fair,120.06,229.45,False,-1
2024-11-11,50.0,1970.01,39.4,False,False,False,False,autumn,10.6,0.0,False,0,,,127.13,242.95,False,0
2024-11-12,52.0,1242.29,23.89,False,False,False,False,autumn,9.2,0.0,False,0,,,139.61,266.81,False,0
2024-11-13,63.0,2102.1,33.37,False,False,False,False,autumn,9.0,0.0,False,0,,,138.07,263.86,False,0
2024-11-14,51.0,1882.84,36.92,False,False,False,False,autumn,8.2,0.0,False,0,,,133.49,255.11,False,0
2024-11-15,58.0,1714.36,29.56,False,False,False,False,autumn,8.3,0.0,False,0,,,134.55,257.14,False,0
2024-11-16,50.0,1113.04,22.26,True,False,False,False,autumn,7.6,0.0,False,0,,,133.2,254.56,False,0
2024-11-17,67.0,3073.96,45.88,True,False,False,False,autumn,7.8,0.0,False,0,,,123.86,236.7,False,0
2024-11-18,33.0,1404.75,42.57,False,False,False,False,autumn,6.9,0.0,False,0,,,137.21,262.22,False,0
2024-11-19,57.0,758.71,13.31,False,False,False,False,autumn,7.2,0.1,False,0,,,141.38,270.19,False,0
2024-11-20,36.0,690.65,19.18,False,False,False,False,autumn,8.5,2.7,False,0,,,130.98,250.32,False,0
2024-11-21,50.0,975.02,19.5,False,False,False,False,autumn,5.1,10.6,True,0,,,134.3,256.66,False,0
2024-11-22,56.0,1451.01,25.91,False,False,False,False,autumn,2.7,0.0,True,0,,,136.39,260.65,False,0
2024-11-23,68.0,2209.68,32.5,True,False,False,False,autumn,4.3,0.0,True,0,,,137.9,263.53,False,0
2024-11-24,56.0,2337.66,41.74,True,False,False,False,autumn,8.0,0.0,False,2,Como 1907 vs Fiorentina (Serie A),sports,132.27,252.79,False,0
2024-11-25,58.0,1408.04,24.28,False,False,False,False,autumn,9.3,0.2,False,0,,,143.31,273.88,False,0
2024-11-26,49.0,1391.17,28.39,False,False,False,False,autumn,9.8,5.0,False,0,,,150.17,286.99,False,0
2024-11-27,56.0,1199.6,21.42,False,False,False,False,autumn,9.8,0.0,False,0,,,155.75,297.66,False,0
2024-11-28,70.0,1776.87,25.38,False,False,False,False,autumn,9.4,0.0,False,0,,,144.6,276.35,False,0
2024-11-29,53.0,962.1,18.15,False,False,False,False,autumn,8.1,0.1,False,0,,,136.72,261.28,False,0
2024-11-30,59.0,1698.59,28.79,True,False,False,False,autumn,7.7,0.0,False,2,Como 1907 vs Monza (Serie A),sports,121.28,231.78,False,0
2024-12-01,79.0,3258.23,41.24,True,False,False,False,winter,7.5,0.0,False,2,Mercatini di Natale Como,market,115.32,220.39,False,1
2024-12-02,61.0,1393.76,22.85,False,False,False,False,winter,7.2,0.0,False,2,Mercatini di Natale Como,market,137.6,262.98,False,1
2024-12-03,54.0,1765.94,32.7,False,False,False,False,winter,7.7,0.0,False,2,Mercatini di Natale Como,market,159.84,305.48,False,1
2024-12-04,69.0,1481.22,21.47,False,False,False,False,winter,7.2,0.0,False,2,Mercatini di Natale Como,market,167.95,320.96,False,1
2024-12-05,36.0,2379.29,66.09,False,False,False,False,winter,5.4,0.0,False,2,Mercatini di Natale Como,market,148.53,283.86,False,1
2024-12-06,41.0,1396.81,34.07,False,False,False,False,winter,5.9,0.8,False,2,Mercatini di Natale Como,market,144.74,276.61,False,1
2024-12-07,57.0,2482.92,43.56,True,False,False,False,winter,4.4,1.0,True,2,Mercatini di Natale Como,market,142.82,272.94,False,1
2024-12-08,45.0,2717.45,60.39,True,True,False,False,winter,4.4,1.7,True,2,Mercatini di Natale Como,market,127.99,244.6,True,1
2024-12-09,64.0,2613.44,40.84,False,False,False,False,winter,6.0,0.5,False,2,Mercatini di Natale Como,market,129.84,248.14,False,1
2024-12-10,39.0,2036.21,52.21,False,False,False,False,winter,5.6,0.3,False,2,Mercatini di Natale Como,market,158.32,302.56,False,1
2024-12-11,51.0,818.42,16.05,False,False,False,False,winter,6.1,0.0,False,2,Mercatini di Natale Como,market,182.12,348.04,False,1
2024-12-12,38.0,2856.57,75.17,False,False,False,False,winter,5.0,0.0,False,2,Mercatini di Natale Como,market,174.19,332.89,False,1
2024-12-13,53.0,1735.67,32.75,False,False,False,False,winter,3.8,0.0,True,2,Mercatini di Natale Como,market,173.85,332.24,False,1
2024-12-14,49.0,3494.17,71.31,True,False,False,False,winter,4.4,0.3,True,2,Mercatini di Natale Como,market,125.0,238.89,False,1
2024-12-15,52.0,3415.3,65.68,True,False,False,False,winter,6.8,0.0,False,2,Mercatini di Natale Como,market,119.51,228.39,False,1
2024-12-16,51.0,2780.71,54.52,False,False,False,False,winter,9.4,0.0,False,2,Mercatini di Natale Como,market,134.23,256.53,False,1
2024-12-17,43.0,2403.44,55.89,False,False,False,False,winter,7.3,0.0,False,2,Mercatini di Natale Como,market,135.72,259.38,False,1
2024-12-18,66.0,2408.48,36.49,False,False,False,False,winter,7.8,0.0,False,2,Mercatini di Natale Como,market,128.68,245.92,False,1
2024-12-19,66.0,2614.32,39.61,False,False,False,False,winter,6.2,9.1,False,2,Mercatini di Natale Como,market,119.47,228.33,False,1
2024-12-20,41.0,2125.13,51.83,False,False,False,False,winter,7.2,0.1,False,2,Mercatini di Natale Como,market,114.25,218.34,False,1
2024-12-21,69.0,3974.07,57.6,True,False,False,False,winter,6.1,0.0,False,2,Mercatini di Natale Como,market,100.19,191.47,False,1
2024-12-22,67.0,3576.59,53.38,True,False,False,False,winter,4.2,1.6,True,2,Mercatini di Natale Como,market,110.61,211.39,False,1
2024-12-23,70.0,1880.64,26.87,False,False,False,False,winter,6.1,0.0,False,2,Mercatini di Natale Como,market,92.95,177.63,False,1
2024-12-24,83.0,5530.82,66.64,False,False,False,False,winter,6.4,0.0,False,2,Mercatini di Natale Como,market,125.51,239.86,False,1
2024-12-25,62.0,4912.72,79.24,False,True,False,False,winter,7.0,0.0,False,2,Mercatini di Natale Como,market,108.83,207.99,True,1
2024-12-26,58.0,5404.87,93.19,False,True,False,False,winter,6.6,0.0,False,2,Mercatini di Natale Como,market,118.99,227.4,True,1
2024-12-27,48.0,2638.32,54.96,False,False,True,False,winter,7.6,0.0,False,0,,,132.52,253.25,False,0
2024-12-28,75.0,3001.79,40.02,True,False,False,False,winter,8.5,0.0,False,0,,,128.45,245.49,False,0
2024-12-29,67.0,1979.68,29.55,True,False,False,False,winter,8.3,0.0,False,0,,,143.6,274.44,False,0
2024-12-30,47.0,1500.45,31.92,False,False,False,False,winter,7.4,0.0,False,0,,,147.63,282.14,False,0
2024-12-31,56.0,1478.53,26.4,False,False,False,False,winter,6.8,0.0,False,0,,,137.76,263.28,False,0
